recipe_id,recipe_name,category,area,country,ingredient_names,ingredient_measures,ingredient_count,source_url,youtube_url,thumbnail_url,mealdb_url,fetched_at
mealdb#52893,Apple & Blackberry Crumble,Dessert,British,United Kingdom,Plain Flour|Caster Sugar|Butter|Braeburn Apples|Butter|Demerara Sugar|Blackberries|Cinnamon|Ice Cream,120g|60g|60g|300g|30g|30g|120g|¼ teaspoon|to serve,9,https://www.bbcgoodfood.com/recipes/778642/apple-and-blackberry-crumble,https://www.youtube.com/watch?v=4vhcOwVBDO4,https://www.themealdb.com/images/media/meals/xvsurr1511719182.jpg,https://www.themealdb.com/meal/52893,2026-08-10T01:05:06Z
mealdb#52768,Apple Frangipan Tart,Dessert,British,United Kingdom,"digestive biscuits|butter|Bramley apples|Salted Butter|caster sugar|free-range eggs, beaten|ground almonds|almond extract|flaked almonds",175g/6oz|75g/3oz|200g/7oz|75g/3oz|75g/3oz|2|75g/3oz|1 tsp|50g/1¾oz,9,,https://www.youtube.com/watch?v=rp8Slv4INLk,https://www.themealdb.com/images/media/meals/wxywrq1468235067.jpg,https://www.themealdb.com/meal/52768,2026-08-10T01:05:06Z
mealdb#52959,Baked salmon with fennel & tomatoes,Seafood,British,United Kingdom,Fennel|Parsley|Lemon|Cherry Tomatoes|Olive Oil|Salmon|Black Olives,2 medium|2 tbs chopped|Juice of 1|175g|1 tbs|350g|to serve,7,https://www.bbcgoodfood.com/recipes/7745/baked-salmon-with-fennel-and-tomatoes,https://www.youtube.com/watch?v=xvPR2Tfw5k0,https://www.themealdb.com/images/media/meals/1548772327.jpg,https://www.themealdb.com/meal/52959,2026-08-10T01:05:06Z
mealdb#52767,Bakewell tart,Dessert,British,United Kingdom,"plain flour|chilled butter|cold water|raspberry jam|butter|caster sugar|ground almonds|free-range egg, beaten|almond extract|flaked almonds",175g/6oz|75g/2½oz|2-3 tbsp|1 tbsp|125g/4½oz|125g/4½oz|125g/4½oz|1|½ tsp|50g/1¾oz,10,,https://www.youtube.com/watch?v=1ahpSTf_Pvk,https://www.themealdb.com/images/media/meals/wyrqqq1468233628.jpg,https://www.themealdb.com/meal/52767,2026-08-10T01:05:06Z
mealdb#52894,Battenberg Cake,Dessert,British,United Kingdom,Butter|Caster Sugar|Self-raising Flour|Almonds|Baking Powder|Eggs|Vanilla Extract|Almond Extract|Butter|Caster Sugar|Self-raising Flour|Almonds|Baking Powder|Eggs|Vanilla Extract|Almond Extract|Pink Food Colouring|Apricot|Marzipan|Icing Sugar,175g|175g|140g|50g|½ tsp|3 Medium|½ tsp|¼ teaspoon|175g|175g|140g|50g|½ tsp|3 Medium|½ tsp|¼ teaspoon|½ tsp|200g|1kg|Dusting,20,https://www.bbcgoodfood.com/recipes/1120657/battenberg-cake,https://www.youtube.com/watch?v=aB41Q7kDZQ0,https://www.themealdb.com/images/media/meals/ywwrsp1511720277.jpg,https://www.themealdb.com/meal/52894,2026-08-10T01:05:06Z
mealdb#52848,Bean & Sausage Hotpot,Miscellaneous,British,United Kingdom,Sausages|Tomato Sauce|Butter Beans|Black Treacle|English Mustard,8 large|1 Jar|1200g|1 tbls|1 tsp,5,https://www.bbcgoodfood.com/recipes/339607/bean-and-sausage-hotpot,https://www.youtube.com/watch?v=B0YX0yPX4Wo,https://www.themealdb.com/images/media/meals/vxuyrx1511302687.jpg,https://www.themealdb.com/meal/52848,2026-08-10T01:05:06Z
mealdb#52874,Beef and Mustard Pie,Beef,British,United Kingdom,Beef|Plain Flour|Rapeseed Oil|Red Wine|Beef Stock|Onion|Carrots|Thyme|Mustard|Egg Yolks|Puff Pastry|Green Beans|Butter|Salt|Pepper,1kg|2 tbs|2 tbs|200ml|400ml|1 finely sliced|2 chopped|3 sprigs|2 tbs|2 free-range|400g|300g|25g|pinch|pinch,15,https://www.bbc.co.uk/food/recipes/beef_and_mustard_pie_58002,https://www.youtube.com/watch?v=nMyBC9staMU,https://www.themealdb.com/images/media/meals/sytuqu1511553755.jpg,https://www.themealdb.com/meal/52874,2026-08-10T01:05:06Z
mealdb#52878,Beef and Oyster pie,Beef,British,United Kingdom,Beef|Olive Oil|Shallots|Garlic|Bacon|Thyme|Bay Leaf|Stout|Beef Stock|Corn Flour|Oysters|Plain Flour|Salt|Butter|Eggs,900g|3 tbs|3|2 cloves minced|125g|1 tbs chopped|2|330ml|400ml|2 tbs|8|400g|pinch|250g|To Glaze,15,https://www.bbc.co.uk/food/recipes/beef_and_oyster_pie_65230,https://www.youtube.com/watch?v=ONX74yP6JnI,https://www.themealdb.com/images/media/meals/wrssvt1511556563.jpg,https://www.themealdb.com/meal/52878,2026-08-10T01:05:06Z
mealdb#52873,Beef Dumpling Stew,Beef,British,United Kingdom,Olive Oil|Butter|Beef|Plain Flour|Garlic|Onions|Celery|Carrots|Leek|Swede|Red Wine|Beef Stock|Bay Leaf|Thyme|Parsley|Plain Flour|Baking Powder|Suet|Water,2 tbs|25g|750g|2 tblsp|2 cloves minced|175g|150g|150g|2 chopped|200g|150ml|500g|2|3 tbs|3 tblsp chopped|125g|1 tsp|60g|Splash,19,https://www.bbc.co.uk/food/recipes/beefstewwithdumpling_87333,https://www.youtube.com/watch?v=6NgheY-r5t0,https://www.themealdb.com/images/media/meals/uyqrrv1511553350.jpg,https://www.themealdb.com/meal/52873,2026-08-10T01:05:06Z
mealdb#52824,Beef Sunday Roast,Beef,British,United Kingdom,Beef|Broccoli|Potatoes|Carrots|plain flour|Eggs|milk|sunflower oil,8 slices|12 florets|1 Packet|1 Packet|140g|4|200ml|drizzle (for cooking),8,https://www.bbcgoodfood.com/recipes/9020/best-yorkshire-puddings,https://www.youtube.com/watch?v=2l3-dBdNehY,https://www.themealdb.com/images/media/meals/ssrrrs1503664277.jpg,https://www.themealdb.com/meal/52824,2026-08-10T01:05:06Z
mealdb#52803,Beef Wellington,Beef,British,United Kingdom,mushrooms|English Mustard|Olive Oil|Beef Fillet|Parma ham|Puff Pastry|Flour|Egg Yolks,400g|1-2tbsp|Dash|750g piece|6-8 slices|500g|Dusting|2 Beaten,8,http://www.goodtoknow.co.uk/recipes/164868/Gordon-Ramsay-s-beef-Wellington,https://www.youtube.com/watch?v=FS8u1RBdf6I,https://www.themealdb.com/images/media/meals/vvpprx1487325699.jpg,https://www.themealdb.com/meal/52803,2026-08-10T01:05:06Z
mealdb#52891,Blackberry Fool,Dessert,British,United Kingdom,Hazlenuts|Butter|Caster Sugar|Lemon|Plain Flour|Baking Powder|Blackberries|Sugar|Caster Sugar|Lemon Juice|Double Cream|Yogurt|Mint,50g|125g|150g|Grated|150g|½ tsp|600g|75g|2 tbs|1 tbs|300ml|100ml|Garnish with,13,https://www.bbc.co.uk/food/recipes/blackberry_fool_with_11859,https://www.youtube.com/watch?v=kniRGjDLFrQ,https://www.themealdb.com/images/media/meals/rpvptu1511641092.jpg,https://www.themealdb.com/meal/52891,2026-08-10T01:05:06Z
mealdb#52792,Bread and Butter Pudding,Dessert,British,United Kingdom,butter|bread|sultanas|cinnamon|milk|double cream|eggs|sugar|nutmeg,"25g/1oz|8 thin slices|50g/2oz|2 tsp|350ml/12fl|50ml/2fl oz|2 free-range|25g/1oz|grated, to taste",9,https://cooking.nytimes.com/recipes/1018529-coq-au-vin,https://www.youtube.com/watch?v=Vz5W1-BmOE4,https://www.themealdb.com/images/media/meals/xqwwpy1483908697.jpg,https://www.themealdb.com/meal/52792,2026-08-10T01:05:06Z
mealdb#52842,Broccoli & Stilton soup,Starter,British,United Kingdom,Rapeseed Oil|Onion|Celery|Leek|Potatoes|Butter|Vegetable Stock|Broccoli|Stilton Cheese,2 tblsp|1 finely chopped|1|1 sliced|1 medium|1 knob|1 litre hot|1 Head chopped|140g,9,https://www.bbcgoodfood.com/recipes/1940679/broccoli-and-stilton-soup,https://www.youtube.com/watch?v=_HgVLpmNxTY,https://www.themealdb.com/images/media/meals/tvvxpv1511191952.jpg,https://www.themealdb.com/meal/52842,2026-08-10T01:05:06Z
mealdb#52897,Carrot Cake,Dessert,British,United Kingdom,Vegetable Oil|Plain Flour|Bicarbonate Of Soda|Sugar|Eggs|Salt|Cinnamon|Carrots|Walnuts|Cream Cheese|Caster Sugar|Butter,450ml|400g|2 tsp|550ml|5|½ tsp|2 tsp|500g grated|150g|200g|150g|100g,12,https://www.bbc.co.uk/food/recipes/classic_carrot_cake_08513,https://www.youtube.com/watch?v=asjZ7iTrGKA,https://www.themealdb.com/images/media/meals/vrspxv1511722107.jpg,https://www.themealdb.com/meal/52897,2026-08-10T01:05:06Z
mealdb#52898,Chelsea Buns,Dessert,British,United Kingdom,White Flour|Salt|Yeast|Milk|Butter|Eggs|Vegetable Oil|Butter|Brown Sugar|Cinnamon|Dried Fruit|Milk|Caster Sugar,500g|1 tsp|7g|300ml|40g|1|Dash|25g|75g|2 tsp|150g|2 tbs|2 tbs,13,https://www.bbc.co.uk/food/recipes/chelsea_buns_95015,https://www.youtube.com/watch?v=i_zemP3yBKw,https://www.themealdb.com/images/media/meals/vqpwrv1511723001.jpg,https://www.themealdb.com/meal/52898,2026-08-10T01:05:06Z
mealdb#52846,Chicken & mushroom Hotpot,Chicken,British,United Kingdom,Butter|Onion|Mushrooms|Plain Flour|Chicken Stock Cube|Nutmeg|Mustard Powder|Chicken|Sweetcorn|Potatoes|Butter,50g|1 chopped|100g|40g|1|pinch|pinch|250g|2 Handfuls|2 large|1 knob,11,https://www.bbcgoodfood.com/recipes/chicken-mushroom-hot-pot,https://www.youtube.com/watch?v=bXKWu4GojNI,https://www.themealdb.com/images/media/meals/uuuspp1511297945.jpg,https://www.themealdb.com/meal/52846,2026-08-10T01:05:06Z
mealdb#52875,Chicken Ham and Leek Pie,Chicken,British,United Kingdom,"Chicken Stock|Chicken Breast|Butter|Leek|Garlic|Plain Flour|Milk|White Wine|Double Cream|Ham|Sea Salt|Pepper|Plain Flour|Butter|Free-range Egg, Beaten|Cold Water|Free-range Egg, Beaten",450ml|3|75g|2 sliced|2 cloves minced|50g|200ml|3 tbs|150ml|150g|spinkling|pinch|350g|200g|1|1 tbls|1,17,https://www.bbc.co.uk/food/recipes/creamy_chicken_ham_and_03877,https://www.youtube.com/watch?v=xr-CpPE_lNk,https://www.themealdb.com/images/media/meals/xrrtss1511555269.jpg,https://www.themealdb.com/meal/52875,2026-08-10T01:05:06Z
mealdb#52853,Chocolate Avocado Mousse,Dessert,British,United Kingdom,Banana|Cacao|Avocado|Honey|Lemon Juice|Vanilla|Water|Sea Salt,1|3 tbsp|1|2 tblsp|1 tsp|1 tsp|2 tbsp|pinch,8,http://www.hemsleyandhemsley.com/recipe/chocolate-avocado-mousse/,https://www.youtube.com/watch?v=wuZffe60q4M,https://www.themealdb.com/images/media/meals/uttuxy1511382180.jpg,https://www.themealdb.com/meal/52853,2026-08-10T01:05:06Z
mealdb#52966,Chocolate Caramel Crispy,Dessert,British,United Kingdom,Mars Bar|Butter|Rice Krispies|Milk Chocolate,6 chopped|150g|120g|150g,4,http://www.donalskehan.com/recipes/chocolate-caramel-rice-crispy-treats/,https://www.youtube.com/watch?v=qsk_At_gjv0,https://www.themealdb.com/images/media/meals/1550442508.jpg,https://www.themealdb.com/meal/52966,2026-08-10T01:05:06Z
mealdb#52990,Christmas cake,Dessert,British,United Kingdom,Butter|Muscovado Sugar|Plain Flour|Eggs|Ground Almonds|Sherry|Candied Peel|Glace Cherry|Raisins|Currants|Pecan Nuts|Lemon|Mixed Spice|Rose water|Vanilla Extract|Baking Powder,200g|200g|200g|4 Beaten|50g|100ml|85g|85g|250g|250g|100g|Grated zest of 1|1 ½ tbsp|1 ½ tbsp|1/2 tsp|1/2 tsp,16,https://www.bbcgoodfood.com/recipes/angela-nilsens-christmas-cake,https://www.youtube.com/watch?v=34yeL8TstO0,https://www.themealdb.com/images/media/meals/ldnrm91576791881.jpg,https://www.themealdb.com/meal/52990,2026-08-10T01:05:06Z
mealdb#52788,Christmas Pudding Flapjack,Dessert,British,United Kingdom,salted butter|dark soft brown sugar|golden syrup|orange|rolled oats|Christmas pudding,250g|225g|150g|Zest of 1|500g|250g,6,,https://www.youtube.com/watch?v=OaqvGvEiwzU,https://www.themealdb.com/images/media/meals/vvusxs1483907034.jpg,https://www.themealdb.com/meal/52788,2026-08-10T01:05:06Z
mealdb#52989,Christmas Pudding Trifle,Dessert,British,United Kingdom,Orange|Demerara Sugar|Grand Marnier|Christmas Pudding|Custard|Mascarpone|Double Cream|Flaked Almonds|Dark Chocolate,3|1 tbs|2 tbs|300g|500g|250g|284ml|Handful|Grated,9,https://www.bbcgoodfood.com/recipes/1826685/christmas-pudding-trifle,https://www.youtube.com/watch?v=jRfyNQs5qhU,https://www.themealdb.com/images/media/meals/r33cud1576791081.jpg,https://www.themealdb.com/meal/52989,2026-08-10T01:05:06Z
mealdb#52988,Classic Christmas pudding,Dessert,British,United Kingdom,Almonds|Bramley Apples|Candied Peel|Nutmeg|Raisins|Plain Flour|Breadcrumbs|Muscovado Sugar|Eggs|Brandy|Butter,50g|2 large|200g|1 whole|1kg|140g|100g|100g|3 Large|2 tbs|250g,11,https://www.bbcgoodfood.com/recipes/classic-christmas-pudding,https://www.youtube.com/watch?v=Pb_lJxL1vtk,https://www.themealdb.com/images/media/meals/1d85821576790598.jpg,https://www.themealdb.com/meal/52988,2026-08-10T01:05:06Z
mealdb#53096,Corned Beef Hash,Beef,British,United Kingdom,Unsalted Butter|Onion|Corned Beef|Potatoes|Kosher Salt|Black Pepper|Freshly Chopped Parsley,3 tablespoons|1 medium chopped|3 Cups|3 chopped|Dash|Dash|Chopped,7,https://www.simplyrecipes.com/recipes/corned_beef_hash/,https://www.youtube.com/watch?v=SPr_UnCrYPg,https://www.themealdb.com/images/media/meals/vz94r81760534692.jpg,https://www.themealdb.com/meal/53096,2026-08-10T01:05:06Z
mealdb#52841,Creamy Tomato Soup,Starter,British,United Kingdom,Olive Oil|Onions|Celery|Carrots|Potatoes|Bay Leaf|Tomato Puree|Sugar|White Vinegar|Chopped Tomatoes|Passata|Vegetable Stock Cube|Whole Milk,3 tbsp|2 chopped|2 sticks|300g|500g|4|5 tblsp|2 tblsp|2 tblsp|1½ kg|500g|3|400ml,13,https://www.bbcgoodfood.com/recipes/2604646/creamy-tomato-soup,https://www.youtube.com/watch?v=lBhwjjUiFk4,https://www.themealdb.com/images/media/meals/stpuws1511191310.jpg,https://www.themealdb.com/meal/52841,2026-08-10T01:05:06Z
mealdb#53098,Cumberland Pie,Beef,British,United Kingdom,Celery|Onion|Carrots|Bay Leaves|Thyme|Vegetable Oil|Butter|Flour|Tomato Puree|Worcestershire Sauce|Beef Stock Cubes|Feather blade beef|Potatoes|Mature Cheddar|Parmesan Cheese,2|1 chopped|2 large|5|3|2 tblsp|1 tablespoon|2 tablespoons|2 tblsp|2 tablespoons|2|800g|800g|25g|25g,15,https://www.bbcgoodfood.com/recipes/crispy-topped-cumberland-pie,https://www.youtube.com/watch?v=r1lnsOTNjws,https://www.themealdb.com/images/media/meals/pvfkz61761595976.jpg,https://www.themealdb.com/meal/53098,2026-08-10T01:05:06Z
mealdb#52899,Dundee cake,Dessert,British,United Kingdom,Almonds|Butter|Muscovado Sugar|Orange|Apricot Jam|Plain Flour|Baking Powder|Eggs|Ground Almonds|Milk|Dried Fruit|Glace Cherry|Milk|Caster Sugar,100g|180g|180g|Zest of 1|3 tbs|225g|1 tsp|3 Large|100g|2 tbs|500g|100g|1 tbs|2 tsp,14,https://www.bbcgoodfood.com/recipes/2155640/dundee-cake,https://www.youtube.com/watch?v=4hEXsfpeMQE,https://www.themealdb.com/images/media/meals/wxyvqq1511723401.jpg,https://www.themealdb.com/meal/52899,2026-08-10T01:05:06Z
mealdb#52888,Eccles Cakes,Dessert,British,United Kingdom,Butter|Plain Flour|Lemon|Butter|Currants|Mixed Peel|Muscovado Sugar|Cinnamon|Ginger|Allspice|Lemon|Eggs|Sugar,250g|350g|Juice of 1/2|25g|200g|50g|100g|1 tsp|1 tsp|1 tsp|Zest of 1|1 beaten|spinkling,13,https://www.bbcgoodfood.com/recipes/786659/eccles-cakes,https://www.youtube.com/watch?v=xV0QCJ0GD5w,https://www.themealdb.com/images/media/meals/wtqrqw1511639627.jpg,https://www.themealdb.com/meal/52888,2026-08-10T01:05:06Z
mealdb#52895,English Breakfast,Breakfast,British,United Kingdom,Sausages|Bacon|Mushrooms|Tomatoes|Black Pudding|Eggs|Bread,2|3|2|2|1 Slice|2|1 Slice,7,https://www.bbc.co.uk/food/recipes/stressfreefullenglis_67721,https://www.youtube.com/watch?v=FXjYU2Ensck,https://www.themealdb.com/images/media/meals/utxryw1511721587.jpg,https://www.themealdb.com/meal/52895,2026-08-10T01:05:06Z
mealdb#52791,Eton Mess,Dessert,British,United Kingdom,strawberries|double cream|meringue nests|ginger cordial|Mint,500g|400ml|3 x 7.5cm|1 tbsp|sprigs of fresh,5,,https://www.youtube.com/watch?v=43WgiNq54L8,https://www.themealdb.com/images/media/meals/uuxwvq1483907861.jpg,https://www.themealdb.com/meal/52791,2026-08-10T01:05:06Z
mealdb#52802,Fish pie,Seafood,British,United Kingdom,Floury Potatoes|Olive Oil|Semi-skimmed Milk|White Fish Fillets|Plain flour|Nutmeg|Double Cream|Jerusalem Artichokes|Leek|Prawns|Parsley|Dill|Lemon|Gruyère|Lemon,900g|2 tbsp|600ml|800g|1 tbsp|Grating|3 tbsp|200g|1 finely sliced|200g peeled raw|Large handful|Handful|Grated zest of 1|25g grated|Juice of 1,15,,https://www.youtube.com/watch?v=2sX4fCgg-UI,https://www.themealdb.com/images/media/meals/ysxwuq1487323065.jpg,https://www.themealdb.com/meal/52802,2026-08-10T01:05:06Z
mealdb#52896,Full English Breakfast,Breakfast,British,United Kingdom,Sausages|Bacon|Mushrooms|Tomatoes|Black Pudding|Eggs|Bread|Baked Beans,4|4|4|3|2 sliced|2|1 Slice|100g,8,https://www.bbc.co.uk/food/recipes/stressfreefullenglis_67721,https://www.youtube.com/watch?v=FXjYU2Ensck,https://www.themealdb.com/images/media/meals/sqrtwu1511721265.jpg,https://www.themealdb.com/meal/52896,2026-08-10T01:05:06Z
mealdb#52890,Jam Roly-Poly,Dessert,British,United Kingdom,Butter|Self-raising Flour|Vanilla|Suet|Milk|Raspberry Jam|Custard,50g|250g|1 small|50g|150ml|100g|to serve,7,https://www.bbcgoodfood.com/recipes/13354/jam-rolypoly,https://www.youtube.com/watch?v=5ZYWVQ8imVA,https://www.themealdb.com/images/media/meals/ysqupp1511640538.jpg,https://www.themealdb.com/meal/52890,2026-08-10T01:05:06Z
mealdb#52887,Kedgeree,Seafood,British,United Kingdom,Smoked Haddock|Bay Leaves|Milk|Eggs|Parsley|Coriander|Vegetable Oil|Onion|Coriander|Curry Powder|Rice,300g|2|300ml|4|Handful|Handful|2 tbs|1 chopped|1 tsp|2 tsp|300g,11,https://www.bbcgoodfood.com/recipes/10421/kedgeree,https://www.youtube.com/watch?v=_Pw1I1-SItE,https://www.themealdb.com/images/media/meals/utxqpt1511639216.jpg,https://www.themealdb.com/meal/52887,2026-08-10T01:05:06Z
mealdb#52877,Lamb and Potato pie,Lamb,British,United Kingdom,Lamb Shoulder|Flour|Vegetable Oil|Onion|Carrots|Vegetable Stock|Potatoes|Shortcrust Pastry|Eggs,500g|1 tbls|Dash|1 sliced|2 sliced|350ml/12fl|500g|450g|To Glaze,9,https://www.bbc.co.uk/food/recipes/lambandpotatopie_83913,https://www.youtube.com/watch?v=NCyPaaUNYUk,https://www.themealdb.com/images/media/meals/sxrpws1511555907.jpg,https://www.themealdb.com/meal/52877,2026-08-10T01:05:06Z
mealdb#52884,Lancashire hotpot,Lamb,British,United Kingdom,Butter|Lamb|Lamb Kidney|Onions|Carrots|Plain Flour|Worcestershire Sauce|Chicken Stock|Bay Leaves|Potatoes,100g|900g|3|2 medium|4 sliced|25g|2 tsp|500ml|2|900g,10,https://www.bbcgoodfood.com/recipes/9099/lancashire-hotpot,https://www.youtube.com/watch?v=w6TS5J8YRA4,https://www.themealdb.com/images/media/meals/uttrxw1511637813.jpg,https://www.themealdb.com/meal/52884,2026-08-10T01:05:06Z
mealdb#52900,Madeira Cake,Dessert,British,United Kingdom,Butter|Caster Sugar|Eggs|Self-raising Flour|Milk|Lemon|Mixed Peel,175g|175g|3|250g|3 tbs|Zest of 1|To Glaze,7,https://www.bbc.co.uk/food/recipes/madeiracake_73878,https://www.youtube.com/watch?v=-YDh4WEmK_E,https://www.themealdb.com/images/media/meals/urtqut1511723591.jpg,https://www.themealdb.com/meal/52900,2026-08-10T01:05:06Z
mealdb#52880,McSinghs Scotch pie,Lamb,British,United Kingdom,Cumin|Rapeseed Oil|Red Onions|Garlic Clove|Green Chilli|Red Pepper|Nutmeg|Coriander|Lamb Mince|Pepper|Coriander|Plain Flour|Salt|Milk|Lard|Egg Yolks,2 tsp|1 tbs|2 finely chopped|6|3 finely chopped|1 finely chopped|1 tsp|2 tsp|1kg|1 tsp|3 tbs|340g|½ tsp|90 ml|150g|Beaten,16,https://www.bbc.co.uk/food/recipes/mcsinghs_scotch_pie_98356,https://www.youtube.com/watch?v=1nArqhRyszw,https://www.themealdb.com/images/media/meals/vssrtx1511557680.jpg,https://www.themealdb.com/meal/52880,2026-08-10T01:05:06Z
mealdb#52991,Mince Pies,Dessert,British,United Kingdom,Butter|Plain Flour|Caster Sugar|Mincemeat|Egg|Icing Sugar,225g|350g|100g|280g|1 small|Topping,6,https://www.bbcgoodfood.com/recipes/2174/unbelievably-easy-mince-pies,https://www.youtube.com/watch?v=PnXft7lQNJE,https://www.themealdb.com/images/media/meals/qe8pf51576795532.jpg,https://www.themealdb.com/meal/52991,2026-08-10T01:05:06Z
mealdb#52876,Minced Beef Pie,Beef,British,United Kingdom,Vegetable Oil|Minced Beef|Onion|Tomato Puree|Plain Flour|Mushrooms|Beef Stock|Worcestershire Sauce|Shortcrust Pastry|Egg Yolks,2 tbs|500g|1 chopped|1 tbls|1 ½ tbsp|75g|250ml|Dash|400g|1,10,https://www.bbc.co.uk/food/recipes/mincedbeefpie_89198,https://www.youtube.com/watch?v=QY47h-uqq5g,https://www.themealdb.com/images/media/meals/xwutvy1511555540.jpg,https://www.themealdb.com/meal/52876,2026-08-10T01:05:06Z
mealdb#52864,Mushroom & Chestnut Rotolo,Vegetarian,British,United Kingdom,Mushrooms|Chestnuts|Challots|Garlic|Rosemary|Wild Mushrooms|Soy Sauce|White Wine|Lasagne Sheets|Breadcrumbs|Sage|Truffle Oil,30g|240g|3|3 cloves|3 sprigs|500g|2 tblsp|125ml|350g|4 tbsp|1/2 handful|to serve,12,https://www.bbcgoodfood.com/recipes/mushroom-chestnut-rotolo,https://www.youtube.com/watch?v=GNN7_ZSJ5YE,https://www.themealdb.com/images/media/meals/ssyqwr1511451678.jpg,https://www.themealdb.com/meal/52864,2026-08-10T01:05:06Z
mealdb#52902,Parkin Cake,Dessert,British,United Kingdom,Butter|Egg|Milk|Golden Syrup|Black Treacle|Brown Sugar|Oatmeal|Self-raising Flour|Ground Ginger,200g|1 large|4 tbs|200g|85g|85g|100g|250g|1 tbs,9,https://www.bbcgoodfood.com/recipes/1940684/parkin,https://www.youtube.com/watch?v=k1lG4vk2MQA,https://www.themealdb.com/images/media/meals/qxuqtt1511724269.jpg,https://www.themealdb.com/meal/52902,2026-08-10T01:05:06Z
mealdb#52901,Rock Cakes,Dessert,British,United Kingdom,Self-raising Flour|Caster Sugar|Baking Powder|Butter|Dried Fruit|Eggs|Milk|Vanilla Extract,225g|75g|1 tsp|125g|150g|1|1 tbs|2 tsp,8,https://www.bbc.co.uk/food/recipes/rock_cakes_03094,https://www.youtube.com/watch?v=tY3taZO3Aro,https://www.themealdb.com/images/media/meals/tqrrsq1511723764.jpg,https://www.themealdb.com/meal/52901,2026-08-10T01:05:06Z
mealdb#52960,Salmon Avocado Salad,Seafood,British,United Kingdom,Salmon|Avocado|Cucumber|Spinach|Mint|Lime|Honey|Olive Oil,400g|3|1|400g|4 tbs|zest and juice of 1|2 tsp|3 tbs,8,https://www.bbcgoodfood.com/recipes/4521/salmon-avocado-and-cucumber-salad,https://www.youtube.com/watch?v=FJiu2S0Xap0,https://www.themealdb.com/images/media/meals/1549542994.jpg,https://www.themealdb.com/meal/52960,2026-08-10T01:05:06Z
mealdb#52784,Smoky Lentil Chili with Squash,Vegetarian,British,United Kingdom,Olive Oil|Onion|Leek|Garlic|Cumin|Coriander|Smoked Paprika|Cinnamon|Chili Powder|Cocoa|Dried Oregano|Diced Tomatoes|Water|Carrots|Brown Lentils|Sea Salt|Squash|Cashews|Apple Cider Vinegar,1 tbls|1|1 chopped|3 cloves|4 tsp ground|2 tsp ground|1 tsp|1/2 tsp|1 tsp|1 tsp|1/2 tsp|1 can|3 cups|3 chopped|1 1/2 cups|1 tsp|1 Small|1 Cup|1 tsp,19,http://www.wholeheartedeats.com/2016/11/smoky-lentil-chili-squash/,https://www.youtube.com/watch?v=pKmqawK2Tqs,https://www.themealdb.com/images/media/meals/uwxqwy1483389553.jpg,https://www.themealdb.com/meal/52784,2026-08-10T01:05:06Z
mealdb#52886,Spotted Dick,Dessert,British,United Kingdom,Self-raising Flour|Salt|Suet|Currants|Caster Sugar|Lemon|Orange|Milk|Custard,250g|pinch|125g|175g|80g|Zest of 1|Zest of 1|150ml|to serve,9,https://www.bbcgoodfood.com/recipes/2686661/spotted-dick,https://www.youtube.com/watch?v=fu15XOF-ros,https://www.themealdb.com/images/media/meals/xqvyqr1511638875.jpg,https://www.themealdb.com/meal/52886,2026-08-10T01:05:06Z
mealdb#52881,Steak and Kidney Pie,Beef,British,United Kingdom,Puff Pastry|Egg White|Egg Yolks|Vegetable Oil|Beef|Lamb Kidney|Onions|Plain Flour|Beef Stock|Salt|Pepper|Worcestershire Sauce,300g|Beaten|Beaten|2 tbs|70 ml|200g|2 chopped|30g|85 ml|pinch|pinch|Dash,12,https://www.bbc.co.uk/food/recipes/steakandkidneypie_73308,https://www.youtube.com/watch?v=oTw5tPt4KmA,https://www.themealdb.com/images/media/meals/qysyss1511558054.jpg,https://www.themealdb.com/meal/52881,2026-08-10T01:05:06Z
mealdb#52883,Sticky Toffee Pudding,Dessert,British,United Kingdom,Butter|Muscovado Sugar|Eggs|Self-raising Flour|Baking Powder|Bicarbonate Of Soda|Black Treacle|Milk|Double Cream|Butter|Muscovado Sugar|Black Treacle|Double Cream|Vanilla Extract,100g|175g|2 large|225g|1 tsp|1 tsp|3 tbs|275ml|to serve|100g|125g|1 tbs|300ml|1 tsp,14,https://www.bbc.co.uk/food/recipes/marys_sticky_toffee_41970,https://www.youtube.com/watch?v=Wytv3bjqJII,https://www.themealdb.com/images/media/meals/xqqqtu1511637379.jpg,https://www.themealdb.com/meal/52883,2026-08-10T01:05:06Z
mealdb#52793,Sticky Toffee Pudding Ultimate,Dessert,British,United Kingdom,Medjool dates|water|vanilla extract|self-raising flour|bicarbonate of soda|eggs|butter|demerara sugar|black treacle|milk|ice cream|muscovado sugar|butter|double cream|black treacle,225g|175ml Boiling|1 tsp|175g|1 tsp|2|85g|140g|2 tbsp|100ml|1 scoop|175g|50g|225ml|1 tbsp,15,https://www.youtube.com/watch?v=Wytv3bjqJII,https://www.youtube.com/watch?v=hKq6RbxJHBo,https://www.themealdb.com/images/media/meals/xrptpq1483909204.jpg,https://www.themealdb.com/meal/52793,2026-08-10T01:05:06Z
mealdb#53005,Strawberry Rhubarb Pie,Dessert,British,United Kingdom,Flour|Salt|Sugar|Butter|Water|Rhubarb|Strawberries|Cornstarch|Sugar|Cinnamon|Lemon Juice|Unsalted Butter|Milk|Sugar,350g|1 tsp|2 tbs|1 cup|1/2 cup|450g|450g|3 tbs|150g|1/4 tsp|1 tsp|2 tbs|2 tbs|Spinkling,14,https://www.joyofbaking.com/StrawberryRhubarbPie.html,https://www.youtube.com/watch?v=tGw5Pwm4YA0,https://www.themealdb.com/images/media/meals/178z5o1585514569.jpg,https://www.themealdb.com/meal/53005,2026-08-10T01:05:06Z
mealdb#52889,Summer Pudding,Dessert,British,United Kingdom,Strawberries|Blackberries|Redcurrants|Raspberries|Caster Sugar|Bread,300g|250g|100g|500g|175g|7 Slices,6,https://www.bbcgoodfood.com/recipes/4516/summer-pudding,https://www.youtube.com/watch?v=akJIO6UhXtA,https://www.themealdb.com/images/media/meals/rsqwus1511640214.jpg,https://www.themealdb.com/meal/52889,2026-08-10T01:05:06Z
mealdb#52882,Three Fish Pie,Seafood,British,United Kingdom,Potatoes|Butter|Milk|Gruyere|Butter|Leek|Plain Flour|White Wine|Milk|Parsley|Salmon|Haddock|Smoked Haddock|Eggs,1kg|Knob|Dash|50g|75g|2 sliced|75g|150ml|568ml|2 tbs chopped|250g|250g|250g|6,14,https://www.bbc.co.uk/food/recipes/three_fish_pie_58875,https://www.youtube.com/watch?v=Ds1Jb8H5Sg8,https://www.themealdb.com/images/media/meals/spswqs1511558697.jpg,https://www.themealdb.com/meal/52882,2026-08-10T01:05:06Z
mealdb#52822,Toad In The Hole,Pork,British,United Kingdom,sausages|vegetable oil|plain flour|eggs|horseradish|milk|cherry tomatoes,8|3 tbsp|100g|2 medium|1 tbsp grated|225ml|200g,7,http://www.deliciousmagazine.co.uk/recipes/georgina-fuggles-horseradish-and-vine-tomato-toad-in-the-hole/,https://www.youtube.com/watch?v=t1dWkDrC330,https://www.themealdb.com/images/media/meals/ytuvwr1503070420.jpg,https://www.themealdb.com/meal/52822,2026-08-10T01:05:06Z
mealdb#52892,Treacle Tart,Dessert,British,United Kingdom,Plain Flour|Butter|Golden Syrup|Breadcrumbs|Lemons|Eggs,250g|135g|400g|150g|Zest of 2|1 beaten,6,https://www.bbc.co.uk/food/recipes/mary_berrys_treacle_tart_28524,https://www.youtube.com/watch?v=YMmgKCNcqwI,https://www.themealdb.com/images/media/meals/wprvrw1511641295.jpg,https://www.themealdb.com/meal/52892,2026-08-10T01:05:06Z
mealdb#52845,Turkey Meatloaf,Miscellaneous,British,United Kingdom,Olive Oil|Onion|Garlic|Worcestershire Sauce|Tomato Puree|Turkey Mince|Eggs|Breadcrumbs|Barbeque Sauce|Cannellini Beans|Parsley,1 tblsp|1 large|1 clove peeled crushed|2 tblsp|3 tsp|500g|1 large|85g|2 tblsp|800g|2 tblsp,11,https://www.bbcgoodfood.com/recipes/turkey-meatloaf,https://www.youtube.com/watch?v=mTvlmY4vCug,https://www.themealdb.com/images/media/meals/ypuxtw1511297463.jpg,https://www.themealdb.com/meal/52845,2026-08-10T01:05:06Z
mealdb#52863,Vegetarian Casserole,Vegetarian,British,United Kingdom,Rapeseed Oil|Onion|Garlic|Paprika|Cumin|Thyme|Carrots|Celery|Red Pepper|Yellow Pepper|Tomato|Vegetable Stock Cube|Courgettes|Thyme|Lentils,1|1|3 cloves|1 tsp|½ tsp|1 tblsp|3 Medium|2 small stalks|1|1|2 x 400g tins|250ml|2 sliced|2 sprigs|250g,15,https://www.bbcgoodfood.com/recipes/1993645/vegetarian-casserole,https://www.youtube.com/watch?v=oHmKE9mWtWM,https://www.themealdb.com/images/media/meals/vptwyt1511450962.jpg,https://www.themealdb.com/meal/52863,2026-08-10T01:05:06Z
mealdb#52867,Vegetarian Chilli,Vegetarian,British,United Kingdom,Roasted Vegetables|Kidney Beans|Chopped Tomatoes|Mixed Grain,400g|1 can|1 can|1 Packet,4,https://www.bbcgoodfood.com/recipes/veggie-chilli,https://www.youtube.com/watch?v=D0bFRVH_EqU,https://www.themealdb.com/images/media/meals/wqurxy1511453156.jpg,https://www.themealdb.com/meal/52867,2026-08-10T01:05:06Z
mealdb#53097,Yorkshire Puddings,Miscellaneous,British,United Kingdom,Flour|Egg|Milk|Sunflower Oil,140g|4|200ml|Drizzle,4,https://www.bbcgoodfood.com/recipes/best-yorkshire-puddings,https://www.bing.com/videos/riverview/relatedvideo?q=yorkshire+pudding+pecipe+youtune&&mid=8A37CC95703100D3C8E58A37CC95703100D3C8E5&mcid=757E2787DB13499281255AD4321A912C&FORM=VAMGZC,https://www.themealdb.com/images/media/meals/x5qz5k1761595900.jpg,https://www.themealdb.com/meal/53097,2026-08-10T01:05:06Z
mealdb#53495,Amok Trey - Cambodian Fish Curry,Seafood,Cambodia,Cambodia,Fish fillet|Coconut Milk|Red Curry Paste|Fish Sauce|Brown Sugar|Chicken Stock|Egg|Kaffir Lime Leaves|Vegetable Oil|Banana Leaves|Cilantro|Lime,1 lb|1 Can|2 tablespoons|1 tablespoon|1 tsp|1 cup|1|2|1 tablespoon|Handful|Garnish|Garnish,12,https://recipes-for-life.com/cambodian-recipes/,,https://www.themealdb.com/images/media/meals/diuub11782687570.jpg,https://www.themealdb.com/meal/53495,2026-08-10T01:05:06Z
mealdb#53496,Bai Sach Chrouk - Grilled Pork with Rice,Pork,Cambodia,Cambodia,Pork Shoulder|Coconut Milk|Soy Sauce|Oyster Sauce|Honey|Garlic|Black Pepper|Jasmine Rice|Water|Vegetable Oil|Cucumber|Cilantro Leaves,650g|1/4 cup|3 tablespoons|2 tablespoons|2 tablespoons|4 cloves|1 tsp|2 cups|4 cups|1 tablespoon|1 sliced|Garnish,12,https://recipes-for-life.com/cambodian-recipes/,,https://www.themealdb.com/images/media/meals/f0cdwk1782688162.jpg,https://www.themealdb.com/meal/53496,2026-08-10T01:05:06Z
mealdb#53421,BEEF LOK LAK (Lok Lak Sach Ko),Beef,Cambodia,Cambodia,Beef Tenderloin|Garlic|Oil|Palm Sugar|Sea Salt|White Wine|Oyster Sauce|Soy Sauce|Sesame Seed Oil|Lettuce|Tomato|Onion|Eggs|Sea Salt|Kampot Pepper|Lime juice,1 kg|5 cloves|2 tablespoons|1.5 tablespoon|1 tsp|2 tablespoons|2 tablespoons|2 tablespoons|1.5 tablespoon|500g|400g|200g|4|1.5 tablespoon|1 tablespoon|1 tablespoon,16,https://www.chefnak.com/beef-lok-lak,https://www.youtube.com/watch?v=3oWgjFhQQW0,https://www.themealdb.com/images/media/meals/t2b8bn1779737789.jpg,https://www.themealdb.com/meal/53421,2026-08-10T01:05:06Z
mealdb#53418,"Cambodian Stir-fried Morning Glory with Pork, Fermented Soybeans, and Garlic",Pork,Cambodia,Cambodia,Morning Glory|Minced Pork|Soya Bean|Garlic|Oil|Fish Sauce|Sugar|Chilli,1 bunch|150g|2 tablespoons|4 Cloves Chopped|For frying|Dash|Dash|Sprinkling,8,https://mitziemee.com/recipe-cambodian-stir-fried-morning-glory/,https://www.youtube.com/watch?v=_LsP1TP4P9Q,https://www.themealdb.com/images/media/meals/wympxc1779734808.jpg,https://www.themealdb.com/meal/53418,2026-08-10T01:05:06Z
mealdb#53420,Cambodian Waffles (Num Poum),Dessert,Cambodia,Cambodia,Rice Flour|Wheat Flour|Coconut Milk|Palm Sugar|Eggs|Salt,1/2 cup|1/2 cup|1/2 cup|3/4 cup|2|1/2 tsp,6,https://www.phnomenon.com/index.php/cambodian-food/category/recipes/,https://www.youtube.com/watch?v=QAVOTHkYXLc,https://www.themealdb.com/images/media/meals/h7zrys1779736460.jpg,https://www.themealdb.com/meal/53420,2026-08-10T01:05:06Z
mealdb#53419,Crispy fried fish with ginger and fermented soybeans (trey chien chuon),Seafood,Cambodia,Cambodia,Ginger|Fish fillet|Tempura Flour|Oil|Garlic|Soya Bean|Sugar|Water|Spring Onions,2 cups|1 lb|2 tablespoons|2 cups|4 cloves|800g|1/2 tbs|1/2 cup|3,9,https://mitziemee.com/recipe-cambodian-fried-fish-ginger-fermented-soybeans/,https://www.youtube.com/watch?v=V0G3ODvMg0k,https://www.themealdb.com/images/media/meals/9q1ci41779735714.jpg,https://www.themealdb.com/meal/53419,2026-08-10T01:05:06Z
mealdb#53502,Khmer Banh Xeo - Cambodian Savory Pancake,Pork,Cambodia,Cambodia,Rice Flour|Cornstarch|Coconut Milk|Water|Ground Turmeric|Pork belly slices|Bean Sprouts|Onion|Vegetable Oil|Fish Sauce,1 cup|1/4 cup|1 1/4 cup|3/4 cup|1/2 tsp|1/2 lb|1 cup|1/2|2 tablespoons|Splash,10,https://recipes-for-life.com/cambodian-recipes/,,https://www.themealdb.com/images/media/meals/xrv78g1782769859.jpg,https://www.themealdb.com/meal/53502,2026-08-10T01:05:06Z
mealdb#53423,Meang Nem,Seafood,Cambodia,Cambodia,Dried Shrimp|Rice|Coconut|Orange Zest|Chilli|Peanuts|Pickled Scallion Heads|Pickled Scallion Head Brine|Galangal|Shallots|Orange Juice|Lime juice|Fish Sauce|Palm Sugar,50g|40g|100g|20g|3|50g|100g|30 ml|25g|30g|20 ml|50 ml|50 ml|50g,14,https://www.chefnak.com/meang-nem,,https://www.themealdb.com/images/media/meals/5rk8vc1779740302.jpg,https://www.themealdb.com/meal/53423,2026-08-10T01:05:06Z
mealdb#53497,Nom Banh Chok - Cambodian Noodle Soup,Chicken,Cambodia,Cambodia,Water|Chicken Thighs|Garlic|Vegetable Oil|Fish Sauce|Salt|Sugar|Rice Noodles|Bean Sprouts|Mint|Lime|Red Chilli,8 cups|1lb|4 Cloves Crushed|2 tablespoons|1 tablespoon|1 tsp|1 tsp|8 oz|2 cups|1 cup|1|1,12,https://recipes-for-life.com/cambodian-recipes/,,https://www.themealdb.com/images/media/meals/6g9gif1782688663.jpg,https://www.themealdb.com/meal/53497,2026-08-10T01:05:06Z
mealdb#53500,Num Ansom - Sticky Rice Cake,Side,Cambodia,Cambodia,Glutinous Rice|Coconut Milk|Brown Sugar|Salt|Banana Leaves|Mung Bean Paste,2 cups|1 cup|1/2 cup|1/2 tsp|8|1 cup,6,https://recipes-for-life.com/cambodian-recipes/,,https://www.themealdb.com/images/media/meals/fycrai1782690897.jpg,https://www.themealdb.com/meal/53500,2026-08-10T01:05:06Z
mealdb#53422,Num E (Sticky Rice Balls in Sugar Syrup and Coconut Cream),Side,Cambodia,Cambodia,Sticky Rice Flour|Pandan Leaves|Beetroot|Pumpkin|Taro|Longan|Coconut|Water|Water|Salt|Ginger|Coconut Cream,700g|7|1/4|100g|100g|100g|200g|2L|1 L|1/2 tsp|5 Slices|3 Cups,12,https://www.chefnak.com/sticky-rice-balls-in-coconut-syrup,https://www.youtube.com/watch?v=RDlkKhMho90,https://www.themealdb.com/images/media/meals/5572yt1779739329.jpg,https://www.themealdb.com/meal/53422,2026-08-10T01:05:06Z
mealdb#53501,Num Pang - Cambodian Baguette Sandwich,Chicken,Cambodia,Cambodia,Baguette|Chicken Thighs|Soy Sauce|Honey|Vegetable Oil|Carrots|Daikon Radish|Rice Vinegar|Sugar|Mayonnaise|Sriracha|Cilantro Leaves|Cucumber,4|1 lb|1/4 cup|2 tablespoons|2 tablespoons|1/2 cup|1/2 cup|1/4 cup|1 tablespoon|1/4 cup|1 tablespoon|1/2 cup|1/4 cup,13,https://recipes-for-life.com/cambodian-recipes/,,https://www.themealdb.com/images/media/meals/o93jur1782769321.jpg,https://www.themealdb.com/meal/53501,2026-08-10T01:05:06Z
mealdb#53499,Prahok Ktis - Pork and Coconut Dip,Pork,Cambodia,Cambodia,Ground Pork|Coconut Milk|Prahok|Vegetable Oil|Garlic|Shallots|Chilli|Brown Sugar|Fish Sauce|Lime|Cilantro,1 lb|1 cup|3 tablespoons|2 tablespoons|4 Cloves Crushed|2 chopped|2|1 tablespoon|2 tablespoons|Juice of 1|Garnish,11,https://recipes-for-life.com/cambodian-recipes/,,https://www.themealdb.com/images/media/meals/g80f4t1782690273.jpg,https://www.themealdb.com/meal/53499,2026-08-10T01:05:06Z
mealdb#53498,Samlar Kari - Khmer Red Curry,Chicken,Cambodia,Cambodia,Vegetable Oil|Chicken Thighs|Onion|Garlic|Ginger|Red Curry Paste|Coconut Milk|Chicken Stock|Fish Sauce|Brown Sugar|Bamboo Shoot|Red Pepper|Basil|Lime,1 tablespoon|1 lb|1 medium chopped|3 Cloves Crushed|1 tablespoon|2 tablespoons|1 can|1 cup|1 tablespoon|1 tablespoon|1 cup|1 sliced|Pinch|To serve,14,https://recipes-for-life.com/cambodian-recipes/,,https://www.themealdb.com/images/media/meals/k5qzdl1782689660.jpg,https://www.themealdb.com/meal/53498,2026-08-10T01:05:06Z
mealdb#53503,Samlar Machu Kreung - Cambodian Sour Stew,Chicken,Cambodia,Cambodia,Chicken Thighs|Vegetable Oil|Water|Tamarind Paste|Fish Sauce|Sugar|Pineapple Chunks|Cherry Tomatoes|Green Beans|Lemongrass|Kaffir Lime Leaves|Chilli,1 lb|1 tablespoon|4 cups|2 tablespoons|1 tablespoon|1 tsp|1 cup|1 cup|1 cup|1 Stalk|2|1 sliced,12,https://recipes-for-life.com/cambodian-recipes/,,https://www.themealdb.com/images/media/meals/bmbvjk1782770310.jpg,https://www.themealdb.com/meal/53503,2026-08-10T01:05:06Z
mealdb#53373,Air Fryer Egg Rolls,Side,Chinese,China,Olive Oil|Ground Pork|Garlic|Ginger|Carrots|Scallions|Cabbage|Soy Sauce|Rice Vinegar|Egg Roll Wrappers|Oil|Duck Sauce|Plum Sauce|Soy Sauce,1 tablespoon|1 lb|1 clove peeled crushed|1 tablespoon|1 medium|3 chopped|3 Cups|1 tablespoon|1 tablespoon|12|For brushing|To serve|To serve|To serve,14,https://www.simplyrecipes.com/recipes/air_fryer_chinese_egg_rolls/,https://www.youtube.com/watch?v=XnA-wcVb4l0,https://www.themealdb.com/images/media/meals/grhn401765687086.jpg,https://www.themealdb.com/meal/53373,2026-08-10T01:05:06Z
mealdb#53366,Beef and Broccoli Stir-Fry,Beef,Chinese,China,Soy Sauce|Dry sherry|Cornstarch|Black Pepper|Sirloin steak|Oyster Sauce|Dry sherry|Soy Sauce|Chicken Stock|Broccoli|High Heat Cooking Oil|Garlic|Cornstarch|Water,1 tsp|1 tsp|1/2 tsp|1/8 teaspoon|1 lb|2 tablespoons|1 tsp|1 tablespoon|1/4 cup|1 lb|2 tablespoons|2 cloves minced|1 tsp|1 tablespoon,14,https://www.simplyrecipes.com/recipes/broccoli_beef/,https://www.youtube.com/watch?v=BBABeZjlRM8,https://www.themealdb.com/images/media/meals/m0p0j81765568742.jpg,https://www.themealdb.com/meal/53366,2026-08-10T01:05:06Z
mealdb#52952,Beef Lo Mein,Beef,Chinese,China,Beef|Salt|Pepper|Sesame Seed Oil|Egg|Starch|Oil|Noodles|Onion|Minced Garlic|Ginger|Bean Sprouts|Mushrooms|Water|Oyster Sauce|Sugar|Soy Sauce,1/2 lb|pinch|pinch|2 tsp|1/2|3 tbs|5 tbs|1/4 lb|1/2 cup|1 tsp|1 tsp|1 cup|1 cup|1 cup|1 tbs|1 tsp|1 tsp,17,https://sueandgambo.com/pages/beef-lo-mein,https://www.youtube.com/watch?v=ZT9LSsNXXe0,https://www.themealdb.com/images/media/meals/1529444830.jpg,https://www.themealdb.com/meal/52952,2026-08-10T01:05:06Z
mealdb#52956,Chicken Congee,Chicken,Chinese,China,Chicken|Salt|Pepper|Ginger Cordial|Ginger|Spring Onions|Rice|Water|Coriander,8 oz|pinch|pinch|1 tsp|1 tsp|1 tbs|1/2 cup|8 cups|2 oz,9,https://sueandgambo.com/pages/chicken-congee,https://www.youtube.com/watch?v=kqEfk801E94,https://www.themealdb.com/images/media/meals/1529446352.jpg,https://www.themealdb.com/meal/52956,2026-08-10T01:05:06Z
mealdb#53367,Chicken Fried Rice,Chicken,Chinese,China,Chicken Thighs|Salt|Canola Oil|Egg|Onion|Garlic|Ground Ginger|Carrots|Peas|Jasmine Rice|Scallions|Chinese five spice powder|Soy Sauce|Sesame Seed Oil,1 lb|1 tsp|3 tablespoons|3 Large|2/3 Cup|2 cloves minced|2 tsp|1 large|2/3 Cup|4 cups|2 sliced|1/2 tsp|2.5 tbsp|1 tsp,14,https://www.simplyrecipes.com/recipes/chicken_fried_rice/,https://www.youtube.com/watch?v=mUr-7wjhHuU,https://www.themealdb.com/images/media/meals/wuyd2h1765655837.jpg,https://www.themealdb.com/meal/53367,2026-08-10T01:05:06Z
mealdb#53365,Chinese Orange Chicken,Chicken,Chinese,China,Orange|Orange Juice|Soy Sauce|Water|Rice Vinegar|Cornstarch|Sesame Seed Oil|Sugar|Chicken Thighs|Egg|Salt|Black Pepper|Cornstarch|All purpose flour|Vegetable Oil|Garlic|Shallots|Scallions|Sesame Seed|Rice,Zest of 1|1/4 cup|1/4 cup|1/4 cup|1/3 cup|1 tablespoon|1 tablespoon|1/2 cup|650g|2 large|1 tsp|1/4 tsp|1/2 cup|1/2 cup|2 cups|2 cloves chopped|1 chopped|Sliced|Garnish|To serve,20,https://www.simplyrecipes.com/recipes/chinese_orange_chicken/,https://www.youtube.com/watch?v=-222Dutomek,https://www.themealdb.com/images/media/meals/s73ytv1765567838.jpg,https://www.themealdb.com/meal/53365,2026-08-10T01:05:06Z
mealdb#53372,Chinese Tomato Egg Stir Fry,Vegetarian,Chinese,China,Plum Tomatoes|Vegetable Oil|Eggs|Sesame Seed Oil|Chicken Bouillon Powder|Sugar|Pepper|Salt|Spring Onions|Jasmine Rice,1 lb|1 tablespoon|5 Large|1 tsp|2 tsp|2 tsp|1/2 tsp|1/4 tsp|1|2 cups,10,https://www.simplyrecipes.com/chinese-tomato-egg-recipe-7562056,https://www.youtube.com/watch?v=Wn8ox93Qhus,https://www.themealdb.com/images/media/meals/rwvw8q1765660071.jpg,https://www.themealdb.com/meal/53372,2026-08-10T01:05:06Z
mealdb#52955,Egg Drop Soup,Vegetarian,Chinese,China,Chicken Stock|Salt|Sugar|Pepper|Sesame Seed Oil|Peas|Mushrooms|Cornstarch|Water|Spring Onions,3 cups|1/4 tsp|1/4 tsp|pinch|1 tsp|1/3 cup|1/3 cup|1 tbs|2 tbs|1/4 cup,10,https://sueandgambo.com/pages/egg-drop-soup,https://www.youtube.com/watch?v=9XpzHm9QpZg,https://www.themealdb.com/images/media/meals/1529446137.jpg,https://www.themealdb.com/meal/52955,2026-08-10T01:05:06Z
mealdb#53370,Egg Foo Young,Seafood,Chinese,China,Unsalted Beef Stock|Soy Sauce|Shaoxing Wine|Oyster Sauce|Pepper|Cornstarch|Water|Cornstarch|Water|Egg|Kosher Salt|Sugar|Spring Onions|Mung Bean Sprouts|Shrimp|Vegetable Oil|Jasmine Rice,1 cup|1 tablespoon|1 tablespoon|1 tablespoon|1/2 tsp|1 tablespoon|1 tablespoon|1 tablespoon|1 tablespoon|8 large|1/2 tsp|1/4 tsp|1|1 cup|20|3 Cups|2 cups,17,https://www.simplyrecipes.com/egg-foo-young-recipe-6890222,https://www.youtube.com/watch?v=XVTJrkgW304,https://www.themealdb.com/images/media/meals/47y6ii1765658818.jpg,https://www.themealdb.com/meal/53370,2026-08-10T01:05:06Z
mealdb#52951,General Tsos Chicken,Chicken,Chinese,China,Chicken Breast|Plain Flour|Egg|Starch|Baking Powder|Salt|Onion Salt|Garlic Powder|Water|Chicken Stock|Duck Sauce|Soy Sauce|Honey|Rice Vinegar|Sesame Seed Oil|Gochujang|Starch|Garlic|Spring Onions|Ginger,1 1/2|3/4 cup|1|2 tbs|1 tbs|1 tsp|1/2 tsp|1/4 tsp|3/4 cup|1/2 cup|1/4 cup|3 tbs|2 tbs|1 tbs|2 tbs|1/2 tbs|2 tbs|1 clove|2 chopped|1 tsp,20,https://www.skinnytaste.com/general-tsos-chicken/,https://www.youtube.com/watch?v=wWGwz0iBmvU,https://www.themealdb.com/images/media/meals/1529444113.jpg,https://www.themealdb.com/meal/52951,2026-08-10T01:05:06Z
mealdb#52954,Hot and Sour Soup,Pork,Chinese,China,Mushrooms|Wood Ear Mushrooms|Tofu|Pork|Chicken Stock|Salt|Sugar|Sesame Seed Oil|Pepper|Hotsauce|Vinegar|Soy Sauce|Cornstarch|Water|Spring Onions,1/3 cup|1/3 cup|2/3 Cup|1/2 cup|2-1/2 cups|1/2 tsp|1/4 tsp|1 tsp|1/4 tsp|1/2 tsp|1-½ cups|1 tsp|1 tbs|2 tbs|1/4 cup,15,https://sueandgambo.com/pages/chinese-hot-and-sour-soup,https://www.youtube.com/watch?v=KgV9Zq3aSTo,https://www.themealdb.com/images/media/meals/1529445893.jpg,https://www.themealdb.com/meal/52954,2026-08-10T01:05:06Z
mealdb#52945,Kung Pao Chicken,Chicken,Chinese,China,Sake|Soy Sauce|Sesame Seed Oil|Corn Flour|Water|Chicken|Chilli Powder|Rice Vinegar|Brown Sugar|Spring Onions|Garlic Clove|Water Chestnut|Peanuts,2 tbs|2 tbs|2 tbs|2 tbs|2 tbs|500g|1 tbs|1 tsp|1 tbs|4 Chopped|6 cloves|220g|100g,13,http://allrecipes.co.uk/recipe/1773/kung-pao-chicken.aspx,https://www.youtube.com/watch?v=QqdcCHQlOe0,https://www.themealdb.com/images/media/meals/1525872624.jpg,https://www.themealdb.com/meal/52945,2026-08-10T01:05:06Z
mealdb#52946,Kung Po Prawns,Seafood,Chinese,China,Prawns|Soy Sauce|Tomato Puree|Corn Flour|Caster Sugar|Sunflower Oil|Peanuts|Chilli|Brown Sugar|Garlic Clove|Water Chestnut|Ginger,400g|2 tbs|1 tsp|1 tsp|1 tsp|1 tsp|85g|3 Large|1 tbs|6 cloves|450g|to taste,12,https://www.bbcgoodfood.com/recipes/1415664/kung-po-prawns,https://www.youtube.com/watch?v=ysiuZm9FIxs,https://www.themealdb.com/images/media/meals/1525873040.jpg,https://www.themealdb.com/meal/52946,2026-08-10T01:05:06Z
mealdb#52947,Ma Po Tofu,Beef,Chinese,China,Tofu|Minced Beef|Sesame Seed Oil|Doubanjiang|Fermented Black Beans|Pepper|Salt|Sichuan pepper|Soy Sauce|Water|Olive Oil|Scallions|Spring Onions|Garlic|Ginger|Water|Cornstarch,450g|100g|1/2 tbs|1 1/2 tsp|1/2 tsp|1 tbs|1/2 tsp|1/2 tsp|1 tbs|400ml|2 tbs|2 chopped|4|2 cloves chopped|4 sliced|2 1/2 tbs|1 tbs,17,https://www.chinasichuanfood.com/mapo-tofu-recipe/,https://www.youtube.com/watch?v=IhwPQL9dFYc,https://www.themealdb.com/images/media/meals/1525874812.jpg,https://www.themealdb.com/meal/52947,2026-08-10T01:05:06Z
mealdb#53377,Napa Cabbage with Dried Shrimp,Seafood,Chinese,China,Dried Shrimp|Boiling Water|Napa Cabbage|Peanut Oil|Scallions|Ginger|Soy Sauce|Water|Cornstarch|Kosher Salt|Pepper,2 tablespoons|3/4 cup|1 head|2 tablespoons|4 Chopped|1 tablespoon|1 tablespoon|1 tablespoon|2 tsp|1 tsp|1/2 tsp,11,https://www.simplyrecipes.com/napa-cabbage-dried-shrimp-recipe-5208805,https://www.youtube.com/watch?v=Fj0JALB4_5k,https://www.themealdb.com/images/media/meals/9nh4dl1766435484.jpg,https://www.themealdb.com/meal/53377,2026-08-10T01:05:06Z
mealdb#53383,Ramen Noodles with Boiled Egg,Miscellaneous,Chinese,China,Noodles|Water|Egg|Soy Sauce|Chilli Sauce|Spring Onions|Salt|Pepper,1 Packet|2 cups|1 large|1 tbsp|1/2 tsp|1 tbls|1/2 tsp|1/2 tbs,8,,https://www.youtube.com/watch?v=AbJNVnkndS4,https://www.themealdb.com/images/media/meals/ip5xtp1769779958.jpg,https://www.themealdb.com/meal/53383,2026-08-10T01:05:06Z
mealdb#53378,Sesame Cucumber Salad,Side,Chinese,China,Cucumber|Salt|Sesame Seed Oil|Rice Vinegar|Basil Leaves|Red Chilli Flakes|Sesame Seed,2 medium|1/2 tsp|2 tsp|2 tablespoons|6|1/2 tsp|2 tsp,7,https://www.simplyrecipes.com/recipes/sesame_cucumber_salad/,https://www.youtube.com/watch?v=q37qn81lg5c,https://www.themealdb.com/images/media/meals/93iok31766436070.jpg,https://www.themealdb.com/meal/53378,2026-08-10T01:05:06Z
mealdb#52953,Shrimp Chow Fun,Seafood,Chinese,China,Rice Stick Noodles|Prawns|Egg|Pepper|Sesame Seed Oil|Cornstarch|Oil|Minced Garlic|Ginger|Onion|Bean Sprouts|Spring Onions|Cooking wine|Oyster Sauce|Sugar|Vinegar|Soy Sauce,1/2 bag|8 oz|1/2|pinch|2 tsp|2 tbs|4 tbs|1 tsp|1 tsp|1/2 cup|1 cup|1/2 cup|1 tbs|1 tbs|1/2 tbs|1/2 tbs|1 tbs,17,https://sueandgambo.com/pages/shrimp-chow-fun,https://www.youtube.com/watch?v=wzaTcpoFEaY,https://www.themealdb.com/images/media/meals/1529445434.jpg,https://www.themealdb.com/meal/52953,2026-08-10T01:05:06Z
mealdb#53375,Shrimp With Snow Peas,Seafood,Chinese,China,Cornstarch|Dry sherry|Kosher Salt|Shrimp|Peanut Oil|Ground Ginger|Garlic|Snow Peas|Soy Sauce|Chicken Stock|Scallions|Sesame Seed Oil,2 tsp|1 tablespoon|1/2 tsp|1 lb|2 tablespoons|1 tablespoon|3 cloves Chopped|1/2 lb|2 tsp|1/4 cup|4|2 tsp,12,https://www.simplyrecipes.com/recipes/shrimp_with_snow_peas/,https://www.youtube.com/watch?v=RmbTaEqabN4,https://www.themealdb.com/images/media/meals/fpl3mv1766433431.jpg,https://www.themealdb.com/meal/53375,2026-08-10T01:05:06Z
mealdb#53374,Sichuan Eggplant,Vegetarian,Chinese,China,Egg Plants|Peanut Oil|Chicken Stock|Sugar|Soy Sauce|Chilli Bean Paste|Sichuan Pepper|Ginger|Garlic|Cornstarch|Apple Cider Vinegar|Scallions|Cilantro,1.5 pounds sliced|2 tablespoons|1/4 cup|2 tsp|1/2 tsp|1 ½ tbsp|2 tsp|2 tsp|5 cloves|1 tsp|2 tsp|4 Chopped|Garnish,13,https://www.simplyrecipes.com/recipes/sichuan_eggplant/,https://www.youtube.com/watch?v=j54Af9gBmzo,https://www.themealdb.com/images/media/meals/1oz4nb1765687990.jpg,https://www.themealdb.com/meal/53374,2026-08-10T01:05:06Z
mealdb#53371,Sichuan Style Stir-Fried Chinese Long Beans,Vegetarian,Chinese,China,Chinese Long Beans|Peanut Oil|Dried Chillies|Sichuan Pepper|Salt|Sugar|Sesame Seed Oil|Soy Sauce,1/2 lb|1 tablespoon|6|1 tsp|1/4 tsp|1/2 tsp|1 tablespoon|Splash,8,https://www.simplyrecipes.com/recipes/sichuan_style_stir_fried_chinese_long_beans/,https://www.youtube.com/watch?v=7mzLphZJ3xc,https://www.themealdb.com/images/media/meals/i0610h1765659464.jpg,https://www.themealdb.com/meal/53371,2026-08-10T01:05:06Z
mealdb#53369,Silken Tofu with Sesame Soy Sauce,Vegetarian,Chinese,China,Silken Tofu|Soy Sauce|Chinese Sesame Sauce|Scallions|Sesame Seed,16 ounces|3 tablespoons|2 tablespoons|1 sliced|2 tsp,5,https://www.simplyrecipes.com/silken-tofu-with-sesame-soy-sauce-recipe-6979877,https://www.youtube.com/shorts/bSLv5vFn5Z0,https://www.themealdb.com/images/media/meals/j9nray1765657692.jpg,https://www.themealdb.com/meal/53369,2026-08-10T01:05:06Z
mealdb#53368,Singapore Noodles with Shrimp,Seafood,Chinese,China,Sesame Seed Oil|Soy Sauce|Seasoned Rice Vinegar|Vermicelli Rice Noodles|Egg|Ground Ginger|Garlic|Carrots|Jalapeno|Onion|Salt|Ham|Napa Cabbage|Scallions|Red Pepper|Curry Powder|Shrimp|Cilantro Leaves,2 tsp|2 tablespoons|2 tablespoons|6 oz|2 large|2 tblsp|1 clove finely chopped|2|1 sliced|1/2|1/2 tsp|4 oz|1/2|4|1/2|2 tsp|1/2 lb|2 tablespoons,18,https://www.simplyrecipes.com/recipes/singapore_noodles_with_shrimp/,https://www.youtube.com/watch?v=DiFUyPAGoug,https://www.themealdb.com/images/media/meals/f3cxnc1765656994.jpg,https://www.themealdb.com/meal/53368,2026-08-10T01:05:06Z
mealdb#53376,Sweet and Sour Chicken,Chicken,Chinese,China,Chicken Thighs|Egg White|Kosher Salt|Cornstarch|Pineapple Chunks|Pineapple Juice|White Vinegar|Tomato Ketchup|Brown Sugar|Oil|Red Pepper|Yellow Pepper|Ginger,1 lb|1 large|1 tsp|2 tsp|10 oz|1/4 cup|1/4 cup|1/4 cup|3 tablespoons|4 tsp|1 chopped|1 chopped|1 tsp,13,https://www.simplyrecipes.com/recipes/sweet_and_sour_chicken/,https://www.youtube.com/watch?v=cblsP5S9PhU,https://www.themealdb.com/images/media/meals/arzs741766434335.jpg,https://www.themealdb.com/meal/53376,2026-08-10T01:05:06Z
mealdb#52949,Sweet and Sour Pork,Pork,Chinese,China,Pork|Egg|Water|Salt|Sugar|Soy Sauce|Starch|Tomato Puree|Vinegar|Coriander,200g|1|Dash|1/2 tsp|1 tsp|10g|10g|30g|10g|Dash,10,https://www.chinahighlights.com/travelguide/chinese-food/cooking/sweet-sour-pork.htm,https://www.youtube.com/watch?v=mdaBIhgEAMo,https://www.themealdb.com/images/media/meals/1529442316.jpg,https://www.themealdb.com/meal/52949,2026-08-10T01:05:06Z
mealdb#52950,Szechuan Beef,Beef,Chinese,China,Beef|Salt|Sesame Seed Oil|Pepper|Egg White|Starch|Oil|Ginger|Garlic|Onion|Carrots|Green Pepper|Celery|Mushrooms|Cooking wine|Water|Oyster Sauce|Hotsauce|Sugar|Soy Sauce,1/2 lb|1/2 tsp|1 tsp|1 pinch|1|3 tbs|4 tbs|1 tsp|1 tsp|3/4 cup|1/2 cup|3/4 cup|1 cup|1 cup|1 tbs|1 cup|1 tbs|1/2 tsp|1 tsp|1 tbs,20,https://sueandgambo.com/pages/szechuan-beef,https://www.youtube.com/watch?v=SQGZqZYz7Ms,https://www.themealdb.com/images/media/meals/1529443236.jpg,https://www.themealdb.com/meal/52950,2026-08-10T01:05:06Z
mealdb#52948,Wontons,Pork,Chinese,China,Pork|Garlic Clove|Ginger|Soy Sauce|Sesame Seed Oil|Carrots|Celery|Spring Onions|Wonton Skin|Oil|Water,1lb|3 chopped|1 tsp|1 tbs|1 tsp|3 finely chopped|3 finely chopped|6 chopped|1 Packet|Fry|Bottle,11,http://www.geniuskitchen.com/recipe/chinese-wontons-20235,https://www.youtube.com/watch?v=9h9No18ZyCI,https://www.themealdb.com/images/media/meals/1525876468.jpg,https://www.themealdb.com/meal/52948,2026-08-10T01:05:06Z
mealdb#53071,Beef Asado,Beef,Filipino,Philippines,Beef|Beef Stock Concentrate|Tomato Puree|Water|Soy Sauce|White Wine Vinegar|Pepper|Bay Leaf|Lemon|Tomato Sauce|Butter|Olive Oil|Onion|Garlic,1.5kg|1|8 ounces|3 cups|6 tablespoons|1 tbs|2 tbs|4|1/2|2 tbs|3 tbs|1/2 cup|1 chopped|4 cloves,14,https://panlasangpinoy.com/beef-asado/,https://www.youtube.com/watch?v=lNlK8DVhXXA,https://www.themealdb.com/images/media/meals/pkopc31683207947.jpg,https://www.themealdb.com/meal/53071,2026-08-10T01:05:06Z
mealdb#53070,Beef Caldereta,Beef,Filipino,Philippines,Beef|Beef Stock|Soy Sauce|Water|Green Pepper|Red Pepper|Potatoes|Carrots|Tomato Puree|Peanut Butter|Chilli Powder|Onion|Garlic|Olive Oil,2kg cut cubes|1|1 tbs|2 cups|1 sliced|1 sliced|1 sliced|1 sliced|8 ounces|3 tablespoons|5|1 chopped|5 cloves|3 tbs,14,https://www.kawalingpinoy.com/beef-caldereta/,https://www.youtube.com/watch?v=yI7hTz0ft5k,https://www.themealdb.com/images/media/meals/41cxjh1683207682.jpg,https://www.themealdb.com/meal/53070,2026-08-10T01:05:06Z
mealdb#53068,Beef Mechado,Beef,Filipino,Philippines,Garlic|Onion|Beef|Tomato Puree|Water|Olive Oil|Lemon|Potatoes|Soy Sauce|Black Pepper|Bay Leaves|Salt,3 cloves|1 sliced|2 Lbs|8 ounces|1 cup|3 tbs|1 Slice|1 large|1/4 cup|1/2 tsp|2|To taste,12,https://panlasangpinoy.com/filipino-pinoy-food-tomato-sauce-beef-mechado-recipe/,https://www.youtube.com/watch?v=jxW3Lj8VjyE,https://www.themealdb.com/images/media/meals/cgl60b1683206581.jpg,https://www.themealdb.com/meal/53068,2026-08-10T01:05:06Z
mealdb#53069,Bistek,Beef,Filipino,Philippines,Beef|Soy Sauce|Lemon|Garlic|Onion|Olive Oil|Water|Salt,1 lb|5 tablespoons|1|3 cloves|3 parts|4 tbs|1 cup|1 pinch,8,https://panlasangpinoy.com/bistek-tagalog-beefsteak-recipe/,https://www.youtube.com/watch?v=xOQON5_S7as,https://www.themealdb.com/images/media/meals/4pqimk1683207418.jpg,https://www.themealdb.com/meal/53069,2026-08-10T01:05:06Z
mealdb#53072,Crispy Eggplant,Vegetarian,Filipino,Philippines,Egg Plants|Breadcrumbs|Sesame Seed|Eggs|Salt|Pepper|Vegetable Oil,1 large|1 cup|50g|2|To taste|To taste|For frying,7,https://yummyfood.ph/recipe/crispiest-fried-eggplant/,https://www.youtube.com/watch?v=4mINk5d2hto,https://www.themealdb.com/images/media/meals/c7lzrl1683208757.jpg,https://www.themealdb.com/meal/53072,2026-08-10T01:05:06Z
mealdb#53073,Eggplant Adobo,Vegetarian,Filipino,Philippines,Egg Plants|Sugar|Salt|Pepper|Garlic|Olive Oil|Ground Pork|Rice Vinegar|Soy Sauce|Bay Leaf,1 lb|2 tbs|1 tsp|1 tsp|1 whole|3 tbs|4 oz|3 tbs|2 tbs|2,10,https://salu-salo.com/eggplant-adobo/,https://www.youtube.com/watch?v=pKXACYjwMns,https://www.themealdb.com/images/media/meals/y7h0lq1683208991.jpg,https://www.themealdb.com/meal/53073,2026-08-10T01:05:06Z
mealdb#53074,Grilled eggplant with coconut milk,Vegetarian,Filipino,Philippines,Egg Plants|Coconut Milk|Lemon Juice|Salt|Red Pepper Flakes|Onions,6|1 can|1 tbs|1 tsp|To taste|4 Sticks,6,https://simplybakings.com/grilled-eggplant-with-coconut-milk/,https://www.youtube.com/watch?v=ourC5IhljB4,https://www.themealdb.com/images/media/meals/bopa2i1683209167.jpg,https://www.themealdb.com/meal/53074,2026-08-10T01:05:06Z
mealdb#53075,Tortang Talong,Vegetarian,Filipino,Philippines,Egg Plants|Eggs|Salt|Olive Oil,4|2|1 tsp|4 tsp,4,https://www.sainsburysmagazine.co.uk/recipes/mains/tortang-talong,https://www.youtube.com/watch?v=eLl8ekOu1MM,https://www.themealdb.com/images/media/meals/va668f1683209318.jpg,https://www.themealdb.com/meal/53075,2026-08-10T01:05:06Z
mealdb#53425,Authentic Laos Tapioca Pudding with Bananas,Dessert,Laos,Laos,Warm Water|Water|Tapioca|Coconut Milk|Sugar|Banana|Water|Salt,1 cup|4 cups|3 tablespoons|14 oz jar|2 tablespoons|3 Cups|4 cups|To taste,8,https://cookingwithlane.com/laos-banana-tapioca-pudding-nam-van-mak-kuay/,https://www.youtube.com/watch?v=JbcrpAHmk3s,https://www.themealdb.com/images/media/meals/5pmn0g1779813285.jpg,https://www.themealdb.com/meal/53425,2026-08-10T01:05:06Z
mealdb#53427,Lao Naem Khao,Pork,Laos,Laos,Jasmine Rice|Coconut|Oil|Sour Pork Sausage|Pickled Garlics|Lime|Fish Sauce|Sugar|Onion|Shallots|Spring Onions|Cilantro|Hot Mint|Mint|Roasted Peanut|Vegetables|Lettuce,3 Cups|1|Splash|2 cups|2 diced|Juice of 1|2 tablespoons|1 tablespoon|1 sliced|1 sliced|3 finely chopped|1 cup|1/2 cup|1/2 cup|1/4 cup|To serve|To serve,17,https://cookingwithlane.com/naem-khao-crispy-coconut-rice-salad/,https://www.youtube.com/watch?v=qDWN61Ib4A4,https://www.themealdb.com/images/media/meals/0dypw51779817467.jpg,https://www.themealdb.com/meal/53427,2026-08-10T01:05:06Z
mealdb#53426,Lao Som Pak Pickled Cabbage,Side,Laos,Laos,Cabbage|Spring Onions|Water|Salt,1 large|10|16 oz|2 tablespoons,4,https://cookingwithlane.com/som-pak-thai-and-lao-pickled-fermented-cabbage/,https://www.youtube.com/watch?v=0dkBqf0zj6M,https://www.themealdb.com/images/media/meals/44pjrn1779814409.jpg,https://www.themealdb.com/meal/53426,2026-08-10T01:05:06Z
mealdb#53424,Laos Plantain Coconut Bake (Flourless Muffin),Dessert,Laos,Laos,Coconut Cream|Plantain|Sugar,450ml|4 large|4 tablespoons,3,https://cookingwithlane.com/laos-plantain-coconut-bake/,,https://www.themealdb.com/images/media/meals/x7cbsp1779811798.jpg,https://www.themealdb.com/meal/53424,2026-08-10T01:05:06Z
mealdb#53049,Apam balik,Dessert,Malaysian,Malaysia,Milk|Oil|Eggs|Flour|Baking Powder|Salt|Unsalted Butter|Sugar|Peanut Butter,200ml|60ml|2|1600g|3 tsp|1/2 tsp|25g|45g|3 tbs,9,https://www.nyonyacooking.com/recipes/apam-balik~SJ5WuvsDf9WQ,https://www.youtube.com/watch?v=6R8ffRRJcrg,https://www.themealdb.com/images/media/meals/adxcbq1619787919.jpg,https://www.themealdb.com/meal/53049,2026-08-10T01:05:06Z
mealdb#53050,Ayam Percik,Chicken,Malaysian,Malaysia,Chicken Thighs|Challots|Ginger|Garlic Clove|Cayenne Pepper|Turmeric|Cumin|Coriander|Fennel|Tamarind Paste|Coconut Milk|Sugar|Water,6|16|1 1/2|6|8|2 tbs|1 1/2|1 1/2|1 1/2|2 tbs|1 can|1 tsp|1 cup,13,http://www.curiousnut.com/roasted-spiced-chicken-ayam-percik/,https://www.youtube.com/watch?v=9ytR28QK6I8,https://www.themealdb.com/images/media/meals/020z181619788503.jpg,https://www.themealdb.com/meal/53050,2026-08-10T01:05:06Z
mealdb#53053,Beef Rendang,Beef,Malaysian,Malaysia,Beef|Vegetable Oil|Cinnamon Stick|Cloves|Star Anise|Cardamom|Coconut Cream|Water|Tamarind Paste|Lime|Sugar|Challots,1lb|5 tbs|1|3|3|3|1 cup|1 cup|2 tbs|6|1 tbs|5,12,https://rasamalaysia.com/beef-rendang-recipe-rendang-daging/,https://www.youtube.com/watch?v=Ot-dmfBaZrA,https://www.themealdb.com/images/media/meals/bc8v651619789840.jpg,https://www.themealdb.com/meal/53053,2026-08-10T01:05:06Z
mealdb#52821,Laksa King Prawn Noodles,Seafood,Malaysian,Malaysia,Olive Oil|Red Chilli|Thai red curry paste|vegetable stock cube|coconut milk|fish sauce|rice noodles|lime|king prawns|coriander,"1 tbsp|1 finely sliced|2 ½ tbsp|1|400ml can|2 tsp|100g|2 juice of 1, the other halved|150g|½ small pack",10,https://www.bbcgoodfood.com/recipes/prawn-laksa-curry-bowl,https://www.youtube.com/watch?v=OcarztU8cYo,https://www.themealdb.com/images/media/meals/rvypwy1503069308.jpg,https://www.themealdb.com/meal/52821,2026-08-10T01:05:06Z
mealdb#53048,Mee goreng mamak,Seafood,Malaysian,Malaysia,Peanuts|Chilli|Prawns|Oil|Water|Tamarind Paste|Potatoes|Red Onions|Garlic Clove|Cabbage|Chinese Broccoli|Tofu|Soy Sauce|Noodles|Egg,50g|15g|10g|5 tbs|750 ml|1/2 tbs|250g|2|4|30g|30g|1|1 tbs|4|1,15,https://www.nyonyacooking.com/recipes/mee-goreng-mamak~BkTLRjTuX,https://www.youtube.com/watch?v=pOJEmDBgtSk,https://www.themealdb.com/images/media/meals/xquakq1619787532.jpg,https://www.themealdb.com/meal/53048,2026-08-10T01:05:06Z
mealdb#53051,Nasi lemak,Seafood,Malaysian,Malaysia,Coconut Milk|Water|Ginger Paste|Ginger|Bay Leaf|Rice|Eggs|Cucumber|Peanuts|Anchovy Fillet|Vegetable Oil|Onion|Garlic|Shallots|Chilli Powder|Anchovy Fillet|Sugar|Tamarind Paste,2 cups|2 cups|1/4 tsp|1|1|2 cups|4|1|1 cup|4 oz|2 tbs|1|3 cloves|3|2 tsp|4 oz|3 tbs|1/3 cup,18,https://www.allrecipes.com/recipe/78938/malaysian-nasi-lemak/,https://www.youtube.com/watch?v=IUIs4C86Ilo,https://www.themealdb.com/images/media/meals/wai9bw1619788844.jpg,https://www.themealdb.com/meal/53051,2026-08-10T01:05:06Z
mealdb#53052,Roti john,Beef,Malaysian,Malaysia,Minced Beef|Onion|Eggs|Chilli|Baguette|Salt|Pepper|Mayonnaise,1/4 lb|1|3|1 tbs|1/2|To taste|To taste|Top,8,https://www.196flavors.com/malaysia-roti-john/,https://www.youtube.com/watch?v=cl4YH8wblRs,https://www.themealdb.com/images/media/meals/hx335q1619789561.jpg,https://www.themealdb.com/meal/53052,2026-08-10T01:05:06Z
mealdb#53054,Seri muka kuih,Dessert,Malaysian,Malaysia,Rice|Coconut Milk|Water|Salt|Corn Flour|Flour|Eggs|Coconut Cream|Sugar,400g|150ml|100ml|1 tsp|5 tbs|3 tbs|3|200ml|140g,9,https://makan.ch/recipe/kuih-seri-muka/,https://www.youtube.com/watch?v=_NJtCfqgaBo,https://www.themealdb.com/images/media/meals/6ut2og1619790195.jpg,https://www.themealdb.com/meal/53054,2026-08-10T01:05:06Z
mealdb#53193,Drunken noodles (pad kee mao),Beef,Thai,Thailand,Flat Rice Noodles|Vegetable Oil|Garlic|Birds-eye Chillies|Sirloin steak|Broccoli|Basil Leaves|Soy Sauce|Oyster Sauce|Fish Sauce|Sugar,200g|2 tblsp|3 cloves Chopped|3 chopped|225g|100g|Handful|4 tbsp|4 tbsp|1 teaspoon|1 tblsp,11,https://www.bbcgoodfood.com/recipes/drunken-noodles-pad-kee-mao,https://www.youtube.com/watch?v=eJ3w2iJB4x8,https://www.themealdb.com/images/media/meals/2wx8cm1763373419.jpg,https://www.themealdb.com/meal/53193,2026-08-10T01:05:06Z
mealdb#53211,Lemongrass beef stew with noodles,Beef,Thai,Thailand,Ginger|Garlic Clove|Lemongrass Stalks|Coriander Leaves|Red Chilli|Vegetable Oil|Beef|Soy Sauce|Five Spice Powder|Brown Sugar|Beef Stock|Rice Noodles|Lime,1 tablespoon chopped|2 chopped|3|2 tblsp|2 sliced|2 tblsp|250g|2 tblsp|1 tsp|1 tsp|400ml|100g|To serve,13,https://www.bbcgoodfood.com/recipes/lemongrass-beef-stew-noodles,,https://www.themealdb.com/images/media/meals/ntafxw1763586291.jpg,https://www.themealdb.com/meal/53211,2026-08-10T01:05:06Z
mealdb#52827,Massaman Beef curry,Beef,Thai,Thailand,Peanuts|Coconut cream|Massaman curry paste|Beef|Potatoes|Onion|Lime|Cinnamon stick|Tamarind paste|Brown sugar|Fish Sauce|chilli|Jasmine Rice,"85g|400ml can|4 tbsp|600g stewing cut into strips|450g waxy|1 cut thin wedges|4 leaves|1|1 tbsp|1 tbsp palm or soft light|1 tbsp|1 red deseeded and finely sliced, to serve|to serve",13,https://www.bbcgoodfood.com/recipes/420631/beef-massaman-curry,https://www.youtube.com/watch?v=mVxgZSCU9_g,https://www.themealdb.com/images/media/meals/tvttqv1504640475.jpg,https://www.themealdb.com/meal/52827,2026-08-10T01:05:06Z
mealdb#52774,Pad See Ew,Chicken,Thai,Thailand,rice stick noodles|dark soy sauce|oyster sauce|soy sauce|white vinegar|sugar|water|peanut oil|garlic|Chicken|Egg|Chinese broccoli,6oz/180g|2 tbsp|2 tbsp|2 tsp|2 tsp|2 tsp|2 tbsp|2 tbsp|2 cloves|1 cup|1|4 cups,12,,https://www.youtube.com/watch?v=Ohy1DELF4is,https://www.themealdb.com/images/media/meals/uuuspp1468263334.jpg,https://www.themealdb.com/meal/52774,2026-08-10T01:05:06Z
mealdb#53191,Pad Thai,Seafood,Thai,Thailand,Rice Noodles|Lime|Cayenne Pepper|Muscovado Sugar|Fish Sauce|Vegetable Oil|Tiger Prawns|Spring Onions|Bean Sprouts|Peanuts|Coriander|Lime|sweet chilli sauce,125g|Juice of 3|1/2 teaspoon|2 teaspoons|2 tablespoons|2 tablespoons|200g|4 finely sliced|140g|25g|Handful|2|To serve,13,https://www.bbcgoodfood.com/recipes/easy-pad-thai,https://www.youtube.com/watch?v=F86GfZIph8o,https://www.themealdb.com/images/media/meals/rg9ze01763479093.jpg,https://www.themealdb.com/meal/53191,2026-08-10T01:05:06Z
mealdb#53192,Panang chicken curry (kaeng panang gai),Chicken,Thai,Thailand,Coconut Milk|Panang Curry Paste|Chicken Breast|Green Beans|Fish Sauce|Brown Sugar|makrut lime leaves|Basil Leaves|Jasmine Rice|Red Chilli|Dried Red Chillies|Shrimp Paste|Garlic|Galangal|Lemongrass|Lime|Ground Nutmeg|Ground Coriander|Ground Cumin|Peanuts,400ml|1-2tbsp|200g|100g|2-3 tbsp|1-2tbsp|2|Handful|Boiled|6|4|1 teaspoon|4 Cloves Chopped|1 tblsp|1 tblsp|Zest of 2|1 teaspoon|1 tsp|1 teaspoon|2 tblsp,20,https://www.bbcgoodfood.com/recipes/panang-chicken-curry-kaeng-panang-gai,https://www.youtube.com/watch?v=dYZHzK7YfYI,https://www.themealdb.com/images/media/meals/0dhtwr1763371444.jpg,https://www.themealdb.com/meal/53192,2026-08-10T01:05:06Z
mealdb#53200,Prawn stir-fry,Seafood,Thai,Thailand,Raw tiger prawns|Green Chilli|Garlic|Coriander|Caster Sugar|Lime|Fish Sauce|Ground Nut Oil|Ginger|Spring Onions|Red Pepper|Water Chestnut|Bean Sprouts|Soy Sauce|Rice Noodles|Lime,200g|1 chopped|3 Cloves Crushed|1 bunch|1 tblsp|Juice of 1|3 tbsp|2 tablespoons|3cm piece|8 slices|1 sliced|85g|100g|1 tablespoon|To serve|To serve,16,https://www.bbcgoodfood.com/recipes/thai-prawn-ginger-spring-onion-stir-fry,https://www.youtube.com/watch?v=DddM8OGb4Jc,https://www.themealdb.com/images/media/meals/96lt871763480970.jpg,https://www.themealdb.com/meal/53200,2026-08-10T01:05:06Z
mealdb#53204,Red curry chicken kebabs,Chicken,Thai,Thailand,Chicken Breasts|Thai Red Curry Paste|Coconut Milk|Red Pepper|Courgettes|Red Onions|Lime,2|2 tblsp|2 tblsp|1 chopped|1 chopped|1 cut thin wedges|To serve,7,https://www.bbcgoodfood.com/recipes/red-curry-chicken-kebabs,https://www.youtube.com/watch?v=XJscdFRT8_8,https://www.themealdb.com/images/media/meals/prjve31763486864.jpg,https://www.themealdb.com/meal/53204,2026-08-10T01:05:06Z
mealdb#53209,Spicy Thai prawn noodles,Seafood,Thai,Thailand,Rice Noodles|Sesame Seed Oil|Egg|Red Chilli|Ginger|Prawns|Soy Sauce|Coriander|Mint|Lime|Peanuts,200g|1 tablespoon|2 Beaten|1 chopped|3cm piece|450g|1 tablespoon|Bunch|1/2 handful|Zest and juice of 1|Handful,11,https://www.bbcgoodfood.com/recipes/spicy-thai-prawn-noodles,,https://www.themealdb.com/images/media/meals/568t931763584227.jpg,https://www.themealdb.com/meal/53209,2026-08-10T01:05:06Z
mealdb#53201,Stir-fried chicken with chillies & basil,Chicken,Thai,Thailand,Vegetable Oil|Chicken|Garlic|Shallots|Red Chilli|Fish Sauce|Soy Sauce|Sugar|Basil Leaves,2 tablespoons|450g|3 tblsp chopped|3 tblsp chopped|3|2 tablespoons|2 tsp|2 tsp|Handful,9,https://www.bbcgoodfood.com/recipes/ken-homs-stir-fried-chicken-chillies-basil,https://www.youtube.com/watch?v=fF4GpyiZL8Q,https://www.themealdb.com/images/media/meals/el64dy1763483009.jpg,https://www.themealdb.com/meal/53201,2026-08-10T01:05:06Z
mealdb#53199,Thai beef stir-fry,Beef,Thai,Thailand,Vegetable Oil|Beef|Red Chilli|Oyster Sauce|Basil Leaves,2 tbsp|400g|1 sliced|2 tblsp|Handful,5,https://www.bbcgoodfood.com/recipes/thai-beef-stir-fry,https://www.youtube.com/watch?v=N3OI_7zu5sA,https://www.themealdb.com/images/media/meals/kyuxew1763479470.jpg,https://www.themealdb.com/meal/53199,2026-08-10T01:05:06Z
mealdb#53206,Thai chicken cakes with sweet chilli sauce,Chicken,Thai,Thailand,Chicken Breast|Garlic|Ginger|Onion|Coriander|Green Chilli|Olive Oil|sweet chilli sauce|Lime|Spring Onions|Red Chilli,2 large|1 clove|1 small|1 chopped|4 tbs|1 chopped|2 tblsp|To serve|To serve|Chopped|Chopped,11,https://www.bbcgoodfood.com/recipes/thai-chicken-cakes-sweet-chilli-sauce,https://www.youtube.com/watch?v=pT0WoqUZXw0,https://www.themealdb.com/images/media/meals/6s3i3p1763488540.jpg,https://www.themealdb.com/meal/53206,2026-08-10T01:05:06Z
mealdb#53208,Thai coconut & veg broth,Vegetarian,Thai,Thailand,Thai Red Curry Paste|Vegetable Oil|Vegetable Stock|Coconut Milk|Brown Sugar|Egg Noodles|Carrots|Chinese Leaf|Bean Sprouts|Cherry Tomatoes|Lime|Spring Onions|Coriander,1 ½ tbsp|1 tsp|1 L|400ml|2 tsp|175g|2|1/2|150g|6|Juice of 1|3 sliced thinly|Handful,13,https://www.bbcgoodfood.com/recipes/thai-coconut-veg-broth,https://www.youtube.com/watch?v=1OeM2sdLOPk,https://www.themealdb.com/images/media/meals/4k8nzy1763583384.jpg,https://www.themealdb.com/meal/53208,2026-08-10T01:05:06Z
mealdb#53195,Thai curry noodle soup,Seafood,Thai,Thailand,Vegetable Oil|Thai Green Curry Paste|Stir-fry Vegetables|Raw King Prawns|Coconut Milk|Vegetable Stock|Udon Noodles|Coriander|Basil|Red Chilli|Spring Onions,1 teaspoon|1 tbsp|220g|150g|150ml|225ml|250g|10g|10g|1 sliced|1 sliced,11,https://www.bbcgoodfood.com/recipes/thai-curry-noodle-soup,https://www.youtube.com/watch?v=FN8tcugjCFs,https://www.themealdb.com/images/media/meals/118oj61763423896.jpg,https://www.themealdb.com/meal/53195,2026-08-10T01:05:06Z
mealdb#53212,Thai drumsticks,Chicken,Thai,Thailand,sweet chilli sauce|Orange|Orange|Garlic|Thai Red Curry Paste|Chicken drumsticks,2 tablespoons|Zest of 1|2 tblsp|1 clove peeled crushed|1 tblsp|8,6,https://www.bbcgoodfood.com/recipes/fragrant-thai-drumsticks,https://www.youtube.com/watch?v=lv1tj9FK3f0,https://www.themealdb.com/images/media/meals/ittake1763586925.jpg,https://www.themealdb.com/meal/53212,2026-08-10T01:05:06Z
mealdb#53198,Thai fried rice with prawns & peas,Seafood,Thai,Thailand,Vegetable Oil|Red Onions|Garlic Clove|Red Chilli|Raw King Prawns|Brown Rice|Frozen Peas|Soy Sauce|Fish Sauce|Coriander|Egg|Hotsauce,2 tbsp|1 sliced|2 sliced|1 sliced|250g|140g|75g|1 tablespoon|1 tablespoon|Bunch|4 large|To serve,12,https://www.bbcgoodfood.com/recipes/thai-fried-rice-prawns-peas,https://www.youtube.com/watch?v=9wZAYbPcF-I,https://www.themealdb.com/images/media/meals/hblwvg1763478203.jpg,https://www.themealdb.com/meal/53198,2026-08-10T01:05:06Z
mealdb#53214,Thai green chicken soup,Chicken,Thai,Thailand,Sunflower Oil|Onion|Chicken Thighs|Garlic Clove|Thai Green Curry Paste|Coconut Milk|Chicken Stock|Lime Leaves|Fish Sauce|Spring Onions|Green Beans|Bamboo Shoot|Lime|Basil,2 tblsp|1 chopped|500g|4 sliced|280g|400ml|2 Litres|5|2 tblsp|1 bunch|280g|150g|Juice of 2|Bunch,14,https://www.bbcgoodfood.com/recipes/thai-green-chicken-soup,https://www.youtube.com/watch?v=3s4Yitd546w,https://www.themealdb.com/images/media/meals/7kb44y1763589084.jpg,https://www.themealdb.com/meal/53214,2026-08-10T01:05:06Z
mealdb#52814,Thai Green Curry,Chicken,Thai,Thailand,Potatoes|green beans|sunflower oil|garlic|Thai green curry paste|coconut milk|Thai fish sauce|Sugar|Chicken|lime|basil|Rice,225g new|100g|1 tbsp|1 clove|4 tsp|400ml|2 tsp|1 tsp|450g boneless|2 fresh kaffir leaves|handfull|Boiled,12,http://www.bbcgoodfood.com/recipes/3235/thai-green-chicken-curry,https://www.youtube.com/watch?v=LIbKVpBQKJI,https://www.themealdb.com/images/media/meals/sstssx1487349585.jpg,https://www.themealdb.com/meal/52814,2026-08-10T01:05:06Z
mealdb#53197,Thai pork & peanut curry,Pork,Thai,Thailand,Vegetable Oil|Spring Onions|Coriander|Pork Tenderloin|Thai Red Curry Paste|Peanut Butter|Brown Sugar|Soy Sauce|Coconut Milk|Sweetcorn|Lime|Jasmine Rice,1 tablespoon|Bunch|Bunch|400g|4 tablespoons|4 tablespoons|1 tablespoon|1 tbsp|400ml|175g|Juice of 1|Steamed,12,https://www.bbcgoodfood.com/recipes/thai-pork-peanut-curry,https://www.youtube.com/watch?v=cxryD8ZHCdQ,https://www.themealdb.com/images/media/meals/snmtd61763426568.jpg,https://www.themealdb.com/meal/53197,2026-08-10T01:05:06Z
mealdb#53205,Thai prawn curry,Seafood,Thai,Thailand,Vegetable Oil|Onion|Ginger|Thai Red Curry Paste|Tinned Tomatos|Coconut Cream|Raw Frozen Prawns|Coriander,1 tbls|1 chopped|1 tsp|2 tsp|400g|50g|400g|Chopped,8,https://www.bbcgoodfood.com/recipes/easy-thai-prawn-curry,https://www.youtube.com/watch?v=dEMPVKQXSYA,https://www.themealdb.com/images/media/meals/qqlwv91763501559.jpg,https://www.themealdb.com/meal/53205,2026-08-10T01:05:06Z
mealdb#53210,Thai pumpkin soup,Vegetarian,Thai,Thailand,Pumpkin|Sunflower Oil|Onion|Ginger|Lemongrass|Thai Red Curry Paste|Coconut Milk|Vegetable Stock|Lime juice|Sugar|Red Chilli,1.5kg|4 tsp|1 sliced|1 tbsp grated|1|4 tablespoons|400ml|800ml|To taste|To taste|To serve,11,https://www.bbcgoodfood.com/recipes/thai-pumpkin-soup,https://www.youtube.com/watch?v=X3BxTRAhgTc,https://www.themealdb.com/images/media/meals/1brbso1763585098.jpg,https://www.themealdb.com/meal/53210,2026-08-10T01:05:06Z
mealdb#53203,Thai rice noodle salad,Vegetarian,Thai,Thailand,Vermicelli Rice Noodles|Bean Sprouts|Lime|Fish Sauce|Muscovado Sugar|Red Onions|Lettuce|Minced Pork|Ginger|Cayenne Pepper|Sunflower Oil|Sesame Seed|Oil|Sirloin steak|Red Chilli,1/2 bag|200g|Zest and juice of 2|2-3 tbsp|1 tsp|1 sliced|2 small|500g|Knob|Pinch|1 tsp|2 tblsp|1 tsp|4|1 sliced,15,https://www.bbcgoodfood.com/recipes/thai-rice-noodle-salad,,https://www.themealdb.com/images/media/meals/6g3rso1763486069.jpg,https://www.themealdb.com/meal/53203,2026-08-10T01:05:06Z
mealdb#53213,Thai-style fish broth with greens,Seafood,Thai,Thailand,Brown Rice Noodle|Chicken Stock|Thai Red Curry Paste|Lime Leaves|Fish Sauce|White Fish|Raw King Prawns|Pak Choi|Coriander Leaves,100g|500ml|1 tblsp|4|1 tblsp|200g|100g|2|Handful,9,https://www.bbcgoodfood.com/recipes/thai-style-fish-broth-greens,https://www.youtube.com/watch?v=rRwnwCd5om8,https://www.themealdb.com/images/media/meals/a2ec961763587756.jpg,https://www.themealdb.com/meal/53213,2026-08-10T01:05:06Z
mealdb#53202,Thai-style steamed fish,Seafood,Thai,Thailand,Trout|Ginger|Garlic Clove|Red Chilli|Lime|Baby Pak Koi|Soy Sauce,2|Knob|1 small finely diced|1 small finely diced|Juice/zest of one|3|2 tblsp,7,https://www.bbcgoodfood.com/recipes/thai-style-steamed-fish,https://www.youtube.com/watch?v=KQ-dl8fuBlQ,https://www.themealdb.com/images/media/meals/yx8j1i1763484612.jpg,https://www.themealdb.com/meal/53202,2026-08-10T01:05:06Z
mealdb#53207,Tom kha gai,Chicken,Thai,Thailand,Chicken Stock|Coconut Milk|Galangal Paste|Lemongrass Stalks|Lime Leaves|Chicken Thighs|Oyster Mushrooms|Birds-eye Chillies|Caster Sugar|Fish Sauce|Lime|Coriander Leaves|Rice,800ml|800g|2 tablespoons|2|8|500g|300g|6|1 tablespoon|5 tablespoons|Juice of 3|To serve|To serve,13,https://www.bbcgoodfood.com/recipes/tom-kha-gai,https://www.youtube.com/watch?v=2BbIZwmIP7Q,https://www.themealdb.com/images/media/meals/ol2xxt1763582263.jpg,https://www.themealdb.com/meal/53207,2026-08-10T01:05:06Z
mealdb#53196,Tom yum (hot & sour) soup with prawns,Seafood,Thai,Thailand,Chicken Stock|Lemongrass|Galangal|Coriander|makrut lime leaves|King Prawns|Fish Sauce|Green Chilli|Lime juice,700ml|1|5 Slices|6|3|6|3 tablespoons|6 small|4 tablespoons,9,https://www.bbcgoodfood.com/recipes/tom-yum-hot-sour-soup-prawns,https://www.youtube.com/watch?v=FJer_Cutb2I,https://www.themealdb.com/images/media/meals/9c5nlx1763424766.jpg,https://www.themealdb.com/meal/53196,2026-08-10T01:05:06Z
mealdb#53194,Tom yum soup with prawns,Seafood,Thai,Thailand,Onion|Tomato|Red Chilli|Galangal|Lemongrass Stalks|Raw King Prawns|Chicken Stock Cube|Oyster Mushrooms|makrut lime leaves|Fish Sauce|Lime juice|Coconut Milk|Thai Chilli Jam|Coriander,200g|150g|20g|15g|2|250g|1|120g|8|25 ml|25 ml|70 ml|1 tblsp|Handful,14,https://www.bbcgoodfood.com/recipes/tom-yum-soup-with-prawns,https://www.youtube.com/watch?v=fvLcZg9gNnE,https://www.themealdb.com/images/media/meals/l50vz41763422681.jpg,https://www.themealdb.com/meal/53194,2026-08-10T01:05:06Z
mealdb#53239,Bang bang prawn salad,Seafood,Vietnamese,Vietnam,Rice Noodles|Peanut Butter|Coconut Milk|sweet chilli sauce|Spring Onions|Cucumber|Bean Sprouts|Prawns,140g|3 tablespoons|4 tablespoons|3 tablespoons|3 sliced thinly|1 sliced|300g|200g,8,https://www.bbcgoodfood.com/recipes/bang-bang-prawn-salad,https://www.youtube.com/watch?v=Na-6-lzs2wU,https://www.themealdb.com/images/media/meals/4xcfai1763765676.jpg,https://www.themealdb.com/meal/53239,2026-08-10T01:05:06Z
mealdb#53242,Barbecue pork buns,Pork,Vietnamese,Vietnam,Sugar|White Bread Mix|Sunflower Oil|Bacon|Ginger|Garlic|Soy Sauce|Clear Honey|Tomato Puree|Egg,85g|500g|1 tablespoon|12|Knob|2 cloves chopped|2 tablespoons|3 tablespoons|3 tablespoons|1 beaten,10,https://www.bbcgoodfood.com/recipes/barbecue-pork-buns,https://www.youtube.com/watch?v=T3mBULRIcY8,https://www.themealdb.com/images/media/meals/tzsy461763769901.jpg,https://www.themealdb.com/meal/53242,2026-08-10T01:05:06Z
mealdb#52997,"Beef Banh Mi Bowls with Sriracha Mayo, Carrot & Pickled Cucumber",Beef,Vietnamese,Vietnam,Rice|Onion|Lime|Garlic Clove|Cucumber|Carrots|Ground Beef|Soy Sauce,White|1|1|3|1|3 oz|1 lb|2 oz,8,,,https://www.themealdb.com/images/media/meals/z0ageb1583189517.jpg,https://www.themealdb.com/meal/52997,2026-08-10T01:05:06Z
mealdb#53238,Beef pho,Beef,Vietnamese,Vietnam,Beef Stock|Onion|Ginger|Cinnamon Stick|Star Anise|Coriander Seeds|Cloves|Sirloin steak|Palm Sugar|Fish Sauce|Soy Sauce|Rice Noodles|Spring Onions|Birds-eye Chillies|Basil|Coriander|Lime,1 L|1 large|1 Large Chopped|1|2|1 tsp|1/2 teaspoon|225g|1 tsp|1 tablespoon|1 ½ tbsp|200g|2 sliced|1 small|Handful|Handful|1,17,https://www.bbcgoodfood.com/recipes/beef-pho,https://www.youtube.com/watch?v=WlosNFMCnE4,https://www.themealdb.com/images/media/meals/pbzcrx1763765096.jpg,https://www.themealdb.com/meal/53238,2026-08-10T01:05:06Z
mealdb#53245,Noodle bowl salad,Seafood,Vietnamese,Vietnam,Rice Noodles|Sugar Snap Peas|Sesame Seed Oil|Spring Onions|Coriander|Hot Smoked Flaked Salmon|Pretzels|Soy Sauce|Clear Honey|Lemon Juice|Ground Nut Oil|Garlic|Ginger,125g|200g|2 tsp|4 sliced|Handful|150g|To serve|3 tablespoons|1 tablespoon|1 tablespoon|1 tablespoon|1 clove finely chopped|Knob,13,https://www.bbcgoodfood.com/recipes/noodle-bowl-salad,https://www.youtube.com/watch?v=7EAdKeikJ9o,https://www.themealdb.com/images/media/meals/zry07j1763779321.jpg,https://www.themealdb.com/meal/53245,2026-08-10T01:05:06Z
mealdb#53244,Prawn & noodle salad with crispy shallots,Seafood,Vietnamese,Vietnam,Rice Noodles|Prawns|Red Onions|Red Chilli|Cucumber|Coriander|Mint|Roasted Peanut|Lime|Brown Sugar|Fish Sauce|Garlic|Shallots|Vegetable Oil|Flour,200g|200g|1 sliced|1 sliced|1 sliced|Handful|Handful|2 tablespoons|Juice of 3|1 tablespoon|2 tsp|1 clove peeled crushed|5 Slices|For frying|Sprinkling,15,https://www.bbcgoodfood.com/recipes/vietnamese-prawn-noodle-salad-crispy-shallots,,https://www.themealdb.com/images/media/meals/0iryz91763778419.jpg,https://www.themealdb.com/meal/53244,2026-08-10T01:05:06Z
mealdb#53230,Purple sprouting broccoli tempura with nuoc cham,Miscellaneous,Vietnamese,Vietnam,Corn Flour|Plain Flour|Sesame Seed|Vegetable Oil|Soda Water|Purple Sprouting Broccoli|Fish Sauce|Lime|Birds-eye Chillies|Sugar,50g|100g|1 tablespoon|For frying|250ml|200g|2 tablespoons|Juice of 2|1 chopped|2 tablespoons,10,https://www.bbcgoodfood.com/recipes/purple-sprouting-broccoli-tempura-with-nuoc-cham,,https://www.themealdb.com/images/media/meals/xnv4wf1763756529.jpg,https://www.themealdb.com/meal/53230,2026-08-10T01:05:06Z
mealdb#53227,Rice paper dumplings,Pork,Vietnamese,Vietnam,White Cabbage|Carrots|Shiitake Mushrooms|Ground Pork|Garlic|Ginger|Soy Sauce|Sesame Seed Oil|Spring Onions|Rice Paper Sheets|Vegetable Oil|Soy Sauce|Rice Vinegar|Sesame Seed|Spring Onions,1/4|1|100g|400g|2 cloves minced|20g|2 tsp|2 tsp|3 sliced thinly|20|75 ml|2 tablespoons|2 tablespoons|1/2 tbs|2 sliced,15,https://www.bbcgoodfood.com/recipes/rice-paper-dumplings,https://www.youtube.com/shorts/YU09jIusxo4,https://www.themealdb.com/images/media/meals/sfahy01763752319.jpg,https://www.themealdb.com/meal/53227,2026-08-10T01:05:06Z
mealdb#53234,Salmon noodle soup,Seafood,Vietnamese,Vietnam,Chicken Stock|Thai Red Curry Paste|Rice Noodles|Shiitake Mushrooms|Sweetcorn|Salmon|Lime|Soy Sauce|Brown Sugar|Coriander,1 L|2 tsp|100g|150g|125g|2|Juice of 2|1 tablespoon|Pinch|Bunch,10,https://www.bbcgoodfood.com/recipes/salmon-noodle-soup,https://www.youtube.com/watch?v=__Kh1sizUAM,https://www.themealdb.com/images/media/meals/ikizdm1763760862.jpg,https://www.themealdb.com/meal/53234,2026-08-10T01:05:06Z
mealdb#53248,Salmon noodle wraps,Seafood,Vietnamese,Vietnam,Rice Noodles|Spring Onions|Petit Pois|Chilli|Coriander|Lime|Salmon,100g|3 sliced thinly|50g|85g|85g|85g|300g,7,https://www.bbcgoodfood.com/recipes/salmon-noodle-wraps,https://www.youtube.com/watch?v=9j2qftITN-Y,https://www.themealdb.com/images/media/meals/prrirc1763781360.jpg,https://www.themealdb.com/meal/53248,2026-08-10T01:05:06Z
mealdb#53233,Salt & pepper squid,Seafood,Vietnamese,Vietnam,Corn Flour|Plain Flour|Black Pepper|Szechuan Peppercorns|Sunflower Oil|Squid|Spring Onions|Green Chilli|Red Chilli|Cucumber|Red Onions|Rice Vinegar|Caster Sugar|Fish Sauce,85g|85g|2 tsp|2 tsp|For frying|400g|Sliced|Sliced|1 chopped|1/2|1 chopped|100 ml|1 tablespoon|2 tsp,14,https://www.bbcgoodfood.com/recipes/salt-pepper-squid,https://www.youtube.com/watch?v=l1Ik6k22s1I,https://www.themealdb.com/images/media/meals/yxiilf1763759428.jpg,https://www.themealdb.com/meal/53233,2026-08-10T01:05:06Z
mealdb#53247,"Sea bass with sizzled ginger, chilli & spring onions",Seafood,Vietnamese,Vietnam,Sea Bass Fillets|Sunflower Oil|Ginger|Garlic Clove|Red Chilli|Spring Onions|Soy Sauce,6|3 tablespoons|Knob|3 sliced thinly|3 Large|Bunch|1 tablespoon,7,https://www.bbcgoodfood.com/recipes/sea-bass-sizzled-ginger-chilli-spring-onions,https://www.youtube.com/watch?v=xzDYKZl50FQ,https://www.themealdb.com/images/media/meals/tqd7s21763780609.jpg,https://www.themealdb.com/meal/53247,2026-08-10T01:05:06Z
mealdb#53229,Steak & Vietnamese noodle salad,Beef,Vietnamese,Vietnam,Brown Rice Noodle|Rapeseed Oil|Fillet Of Steak|Carrots|Chinese Cabbage|Spring Onions|Coriander|Red Chilli|Lime|Brown Sugar|Rice Vinegar|Garlic Clove|Fish Sauce,85g|1 tsp|250g|2|1/2|4 finely sliced|Handful|1 sliced|Juice of 1|2 tsp|1 tsp|1 chopped|1/2 tbs,13,https://www.bbcgoodfood.com/recipes/steak-vietnamese-noodle-salad,https://www.youtube.com/watch?v=Lo4_GdyetEU,https://www.themealdb.com/images/media/meals/st9shl1763755808.jpg,https://www.themealdb.com/meal/53229,2026-08-10T01:05:06Z
mealdb#53246,"Tangy carrot, cabbage & onion salad",Vegetarian,Vietnamese,Vietnam,Carrots|Red Cabbage|Red Onions|Mint|Coriander Leaves|Roasted Peanut|Lime|Ground Nut Oil|Red Chilli|Brown Sugar,4 sliced|1/2|2 sliced|Handful|Handful|Handful|Juice of 2|1 tablespoon|1 chopped|1 tablespoon,10,https://www.bbcgoodfood.com/recipes/tangy-carrot-red-cabbage-onion-salad,https://www.youtube.com/watch?v=-BJWMkJMIns,https://www.themealdb.com/images/media/meals/dbazbg1763779999.jpg,https://www.themealdb.com/meal/53246,2026-08-10T01:05:06Z
mealdb#53240,"Tofu, greens & cashew stir-fry",Vegetarian,Vietnamese,Vietnam,Vegetable Oil|Broccoli|Garlic Clove|Red Chilli|Spring Onions|Soya Bean|Pak Choi|Marinated Tofu|Hoisin Sauce|Soy Sauce|Cashew Nuts,1 tablespoon|1 head|4 sliced|1 sliced|1 bunch|140g|2 heads|300g|1 ½ tbsp|1 tablespoon|25g,11,https://www.bbcgoodfood.com/recipes/tofu-greens-cashew-stir-fry,https://www.youtube.com/watch?v=l8wuWeNy3J4,https://www.themealdb.com/images/media/meals/minfsc1763766806.jpg,https://www.themealdb.com/meal/53240,2026-08-10T01:05:06Z
mealdb#53249,Turkey Banh mi,Miscellaneous,Vietnamese,Vietnam,Baguette|Chicken Liver|Cucumber|Turkey|Mayonnaise|Red Chilli|Mint|Carrots|Red Cabbage|Ground Ginger|Rice Vinegar|Golden Caster Sugar,2 small|50g|1/4|140g|1 tablespoon|1 sliced|Handful|2 small|75g|1/4 tsp|½ tablespoon|1/2 teaspoon,12,https://www.bbcgoodfood.com/recipes/turkey-banh-mi,https://www.youtube.com/watch?v=L-ItzFfVgos,https://www.themealdb.com/images/media/meals/1wj8w31763781990.jpg,https://www.themealdb.com/meal/53249,2026-08-10T01:05:06Z
mealdb#53251,Turkish lahmacun,Beef,Vietnamese,Vietnam,Strong white bread flour|Fast action yeast|Corn Flour|Tomato|Green Chilli|Spring Onions|Parsley|Ground Beef|Chilli Flakes|Ground Cumin|Allspice|Olive Oil|Lemon|Red Onions,500g|10g|Sprinkling|2|2|4 Chopped|Bunch|250g|2 tsp|Pinch|1 tsp|2 tablespoons|1/2|1,14,https://www.bbcgoodfood.com/recipes/lahmacun,https://www.youtube.com/watch?v=8HTa64s8RK8,https://www.themealdb.com/images/media/meals/tqd3ac1763786065.jpg,https://www.themealdb.com/meal/53251,2026-08-10T01:05:06Z
mealdb#53250,Vegan banh mi,Vegan,Vietnamese,Vietnam,Raw Vegetables|Vegan White Wine Vinegar|Golden Caster Sugar|Baguette|Hummus|Tempeh|Coriander|Mint|Hotsauce,150g|3 tablespoons|1 tsp|1 large|100g|175g|Handful|Handful|To serve,9,https://www.bbcgoodfood.com/recipes/boxing-day-banh-mi,https://www.youtube.com/watch?v=i0_C3eRTbgg,https://www.themealdb.com/images/media/meals/sonirb1763782831.jpg,https://www.themealdb.com/meal/53250,2026-08-10T01:05:06Z
mealdb#53228,Vietnamese caramel trout,Seafood,Vietnamese,Vietnam,Golden Caster Sugar|Fish Sauce|Red Chilli|Ginger|Rainbow Trout|Bok Choi|Lemon|Coriander|Rice,50g|1 tablespoon|1 sliced|large piece|2|2 heads|Juice of 1/2|Sprigs of fresh|Steamed,9,https://www.bbcgoodfood.com/recipes/vietnamese-caramel-trout,https://www.youtube.com/watch?v=3MBbvrUtn74,https://www.themealdb.com/images/media/meals/p02vq41763754350.jpg,https://www.themealdb.com/meal/53228,2026-08-10T01:05:06Z
mealdb#53232,Vietnamese chicken salad,Chicken,Vietnamese,Vietnam,Rice Noodles|Carrots|Cucumber|Chicken Breasts|Radish|Red Onions|Mint|Peanuts|Red Chilli|Lime|Fish Sauce|Soy Sauce|Sesame Seed Oil,140g|1|1/2|2|50g|1/2|Bunch|25g|1 chopped|Zest and juice of 1|1 ½ tbsp|1 ½ tbsp|1 ½ tbsp,13,https://www.bbcgoodfood.com/recipes/vietnamese-chicken-salad,https://www.youtube.com/watch?v=behSkhzKpHI,https://www.themealdb.com/images/media/meals/pk8wtn1763758591.jpg,https://www.themealdb.com/meal/53232,2026-08-10T01:05:06Z
mealdb#52828,Vietnamese Grilled Pork (bun-thit-nuong),Pork,Vietnamese,Vietnam,Pork|Rice Vermicelli|Egg Rolls|Challots|Garlic|Sugar|Fish Sauce|Soy sauce|Pepper|Olive Oil|Cucumber|Mint|Peanuts,1.5 pounds sliced|1 package thin|4-6|3 tablespoons minced|1.5 tablespoons minced garlic|¼ cup|1 tablespoon|½ tablespoon thick|½ tablespoon|3 tablespoons|Sliced|Leaves|Crushed,13,http://www.hungryhuy.com/bun-thit-nuong-recipe-vietnamese-grilled-bbq-pork-with-rice-vermicelli-vegetables/,https://www.youtube.com/watch?v=Q3qcQcENzbU,https://www.themealdb.com/images/media/meals/qqwypw1504642429.jpg,https://www.themealdb.com/meal/52828,2026-08-10T01:05:06Z
mealdb#53231,Vietnamese lamb shanks with sweet potatoes,Lamb,Vietnamese,Vietnam,Ground Nut Oil|Lamb Shanks|Onion|Ginger|Garlic Clove|Red Chilli|Red Chilli|Brown Sugar|Brown Sugar|Star Anise|Lemongrass Stalks|Lamb Stock|Tomato Puree|Sweet Potatoes|Fish Sauce|Lime|Mint|Basil Leaves,2 tablespoons|4|2|2 tbs chopped|3 sliced thinly|1 chopped|1 sliced|1 tablespoon|1 tsp|3|2|1L|1 ½ tbsp|4|2 tablespoons|Juice of 2|Handful|Handful,18,https://www.bbcgoodfood.com/recipes/vietnamese-lamb-shanks-sweet-potatoes,https://www.tiktok.com/@shanice_and_lima/video/7280471655959383297,https://www.themealdb.com/images/media/meals/7xte3u1763757761.jpg,https://www.themealdb.com/meal/53231,2026-08-10T01:05:06Z
mealdb#53237,Vietnamese pork salad,Pork,Vietnamese,Vietnam,Golden Caster Sugar|Lime|Red Chilli|Coriander|Sesame Seed Oil|Fish Sauce|Soy Sauce|Pork Tenderloin|Vegetable Oil|White Cabbage|Cucumber|Celery|Spring Onions|Red Chilli|Lemongrass Stalks|Lime|Coriander|Mint,1 tsp|Juice of 2|1 chopped|Handful|1 tablespoon|1 tablespoon|1 tablespoon|500g|For brushing|1/4|1 chopped|5 chopped|3 sliced thinly|1 chopped|2 chopped|Zest of 1|Handful|Handful,18,https://www.bbcgoodfood.com/recipes/vietnamese-pork-salad,https://www.youtube.com/watch?v=_DCJNrNTTB4,https://www.themealdb.com/images/media/meals/g7jomp1763763994.jpg,https://www.themealdb.com/meal/53237,2026-08-10T01:05:06Z
mealdb#53243,Vietnamese prawn spiralized rolls,Seafood,Vietnamese,Vietnam,Lime|Rice Vinegar|Palm Sugar|Fish Sauce|Birds-eye Chillies|Rice Paper Sheets|Mint|Coriander|King Prawns|Carrots|Courgettes,Juice of 1/2|2 tablespoons|1 tablespoon|3 tablespoons|1 chopped|6|Small bunch|Small bunch|12|1 large|1,11,https://www.bbcgoodfood.com/recipes/vietnamese-prawn-spiralized-rolls,https://www.youtube.com/watch?v=lNU0LKVtHC4,https://www.themealdb.com/images/media/meals/9r2xrg1763771238.jpg,https://www.themealdb.com/meal/53243,2026-08-10T01:05:06Z
mealdb#53241,Vietnamese veg parcels,Vegetarian,Vietnamese,Vietnam,Rice Flour Pancakes|Rice Noodles|Chicken Breast|Carrots|Cucumber|Red Pepper|Lettuce|Coriander|Mint|Fish Sauce|Rice Vinegar|Lime|Red Chilli,100g|50g|1|1 sliced|1 sliced|1 sliced|To serve|To serve|To serve|4 tablespoons|2 tablespoons|Juice of 1/2|1 sliced,13,https://www.bbcgoodfood.com/recipes/vietnamese-veg-parcels,https://www.youtube.com/watch?v=k3ciVdNBuK0,https://www.themealdb.com/images/media/meals/f698g91763768731.jpg,https://www.themealdb.com/meal/53241,2026-08-10T01:05:06Z
mealdb#53235,Vietnamese-style caramel pork,Pork,Vietnamese,Vietnam,Ground Nut Oil|Pork Shoulder Steaks|Shallots|Ground Ginger|Red Chilli|Brown Sugar|Fish Sauce|Chilli Sauce|Spring Onions|Rice|Pak Choi,1 ½ tbsp|500g|2 chopped|1 tablespoon|1 chopped|75g|1 tablespoon|2 tsp|4|Steamed|To serve,11,https://www.bbcgoodfood.com/recipes/vietnamese-style-caramel-pork,https://www.youtube.com/watch?v=qmQe0Qxvyzc,https://www.themealdb.com/images/media/meals/4mzt101763761546.jpg,https://www.themealdb.com/meal/53235,2026-08-10T01:05:06Z
mealdb#53236,Vietnamese-style veggie hotpot,Vegetarian,Vietnamese,Vietnam,Vegetable Oil|Ginger|Garlic Clove|Butternut Squash|Soy Sauce|Brown Sugar|Vegetable Stock|Green Beans|Spring Onions|Coriander Leaves|Jasmine Rice,2 tsp|4cm finely chopped|2 chopped|1/2|2 tsp|2 tsp|200ml|100g shredded|4 sliced|To serve|To serve,11,https://www.bbcgoodfood.com/recipes/vietnamese-veggie-hotpot,https://www.youtube.com/watch?v=OR6jC9gw_Hw,https://www.themealdb.com/images/media/meals/4uje7l1763762276.jpg,https://www.themealdb.com/meal/53236,2026-08-10T01:05:06Z
